{
  "fio version" : "fio-3.36",
  "timestamp" : 1750359225,
  "timestamp_ms" : 1750359225337,
  "time" : "Thu Jun 19 18:53:45 2025",
  "jobs" : [
    {
      "jobname" : "seq_sync_job",
      "groupid" : 0,
      "job_start" : 1750359165318,
      "error" : 0,
      "eta" : 0,
      "elapsed" : 61,
      "job options" : {
        "ioengine" : "psync",
        "sync" : "1",
        "rw" : "write",
        "numjobs" : "32",
        "filesize" : "500000000",
        "group_reporting" : "1",
        "thread" : "1",
        "direct" : "0",
        "fsync" : "1",
        "directory" : "/shielded-zfs-bench",
        "time_based" : "1",
        "runtime" : "60",
        "bs" : "8k",
        "filename_format" : "file$jobnum"
      },
      "read" : {
        "io_bytes" : 0,
        "io_kbytes" : 0,
        "bw_bytes" : 0,
        "bw" : 0,
        "iops" : 0.000000,
        "runtime" : 0,
        "total_ios" : 0,
        "short_ios" : 0,
        "drop_ios" : 0,
        "slat_ns" : {
          "min" : 0,
          "max" : 0,
          "mean" : 0.000000,
          "stddev" : 0.000000,
          "N" : 0
        },
        "clat_ns" : {
          "min" : 0,
          "max" : 0,
          "mean" : 0.000000,
          "stddev" : 0.000000,
          "N" : 0
        },
        "lat_ns" : {
          "min" : 0,
          "max" : 0,
          "mean" : 0.000000,
          "stddev" : 0.000000,
          "N" : 0
        },
        "bw_min" : 0,
        "bw_max" : 0,
        "bw_agg" : 0.000000,
        "bw_mean" : 0.000000,
        "bw_dev" : 0.000000,
        "bw_samples" : 0,
        "iops_min" : 0,
        "iops_max" : 0,
        "iops_mean" : 0.000000,
        "iops_stddev" : 0.000000,
        "iops_samples" : 0
      },
      "write" : {
        "io_bytes" : 2493251584,
        "io_kbytes" : 2434816,
        "bw_bytes" : 41551422,
        "bw" : 40577,
        "iops" : 5072.195187,
        "runtime" : 60004,
        "total_ios" : 304352,
        "short_ios" : 0,
        "drop_ios" : 0,
        "slat_ns" : {
          "min" : 0,
          "max" : 0,
          "mean" : 0.000000,
          "stddev" : 0.000000,
          "N" : 0
        },
        "clat_ns" : {
          "min" : 1522396,
          "max" : 332328156,
          "mean" : 3428942.536790,
          "stddev" : 3506357.051747,
          "N" : 304352,
          "percentile" : {
            "1.000000" : 2088960,
            "5.000000" : 2408448,
            "10.000000" : 2572288,
            "20.000000" : 2768896,
            "30.000000" : 2899968,
            "40.000000" : 3031040,
            "50.000000" : 3162112,
            "60.000000" : 3293184,
            "70.000000" : 3489792,
            "80.000000" : 3719168,
            "90.000000" : 4177920,
            "95.000000" : 5013504,
            "99.000000" : 8093696,
            "99.500000" : 9764864,
            "99.900000" : 15663104,
            "99.950000" : 21102592,
            "99.990000" : 221249536
          }
        },
        "lat_ns" : {
          "min" : 1522536,
          "max" : 332328357,
          "mean" : 3429225.467741,
          "stddev" : 3506360.195861,
          "N" : 304352
        },
        "bw_min" : 24256,
        "bw_max" : 49232,
        "bw_agg" : 100.000000,
        "bw_mean" : 40606.252101,
        "bw_dev" : 131.966565,
        "bw_samples" : 3808,
        "iops_min" : 3032,
        "iops_max" : 6154,
        "iops_mean" : 5075.781513,
        "iops_stddev" : 16.495821,
        "iops_samples" : 3808
      },
      "trim" : {
        "io_bytes" : 0,
        "io_kbytes" : 0,
        "bw_bytes" : 0,
        "bw" : 0,
        "iops" : 0.000000,
        "runtime" : 0,
        "total_ios" : 0,
        "short_ios" : 0,
        "drop_ios" : 0,
        "slat_ns" : {
          "min" : 0,
          "max" : 0,
          "mean" : 0.000000,
          "stddev" : 0.000000,
          "N" : 0
        },
        "clat_ns" : {
          "min" : 0,
          "max" : 0,
          "mean" : 0.000000,
          "stddev" : 0.000000,
          "N" : 0
        },
        "lat_ns" : {
          "min" : 0,
          "max" : 0,
          "mean" : 0.000000,
          "stddev" : 0.000000,
          "N" : 0
        },
        "bw_min" : 0,
        "bw_max" : 0,
        "bw_agg" : 0.000000,
        "bw_mean" : 0.000000,
        "bw_dev" : 0.000000,
        "bw_samples" : 0,
        "iops_min" : 0,
        "iops_max" : 0,
        "iops_mean" : 0.000000,
        "iops_stddev" : 0.000000,
        "iops_samples" : 0
      },
      "sync" : {
        "total_ios" : 304331,
        "lat_ns" : {
          "min" : 54171,
          "max" : 332163930,
          "mean" : 2877409.241237,
          "stddev" : 3236103.587986,
          "N" : 304331,
          "percentile" : {
            "1.000000" : 116224,
            "5.000000" : 246784,
            "10.000000" : 407552,
            "20.000000" : 2179072,
            "30.000000" : 2605056,
            "40.000000" : 2801664,
            "50.000000" : 2965504,
            "60.000000" : 3129344,
            "70.000000" : 3325952,
            "80.000000" : 3555328,
            "90.000000" : 3981312,
            "95.000000" : 4685824,
            "99.000000" : 7569408,
            "99.500000" : 9371648,
            "99.900000" : 14614528,
            "99.950000" : 15925248,
            "99.990000" : 105381888
          }
        }
      },
      "job_runtime" : 1920013,
      "usr_cpu" : 0.067083,
      "sys_cpu" : 7.195889,
      "ctx" : 1036010,
      "majf" : 0,
      "minf" : 0,
      "iodepth_level" : {
        "1" : 199.993100,
        "2" : 0.000000,
        "4" : 0.000000,
        "8" : 0.000000,
        "16" : 0.000000,
        "32" : 0.000000,
        ">=64" : 0.000000
      },
      "iodepth_submit" : {
        "0" : 0.000000,
        "4" : 100.000000,
        "8" : 0.000000,
        "16" : 0.000000,
        "32" : 0.000000,
        "64" : 0.000000,
        ">=64" : 0.000000
      },
      "iodepth_complete" : {
        "0" : 0.000000,
        "4" : 100.000000,
        "8" : 0.000000,
        "16" : 0.000000,
        "32" : 0.000000,
        "64" : 0.000000,
        ">=64" : 0.000000
      },
      "latency_ns" : {
        "2" : 0.000000,
        "4" : 0.000000,
        "10" : 0.000000,
        "20" : 0.000000,
        "50" : 0.000000,
        "100" : 0.000000,
        "250" : 0.000000,
        "500" : 0.000000,
        "750" : 0.000000,
        "1000" : 0.000000
      },
      "latency_us" : {
        "2" : 0.000000,
        "4" : 0.000000,
        "10" : 0.000000,
        "20" : 0.000000,
        "50" : 0.000000,
        "100" : 0.000000,
        "250" : 0.000000,
        "500" : 0.000000,
        "750" : 0.000000,
        "1000" : 0.000000
      },
      "latency_ms" : {
        "2" : 0.516836,
        "4" : 86.895108,
        "10" : 12.136605,
        "20" : 0.397237,
        "50" : 0.023328,
        "100" : 0.010000,
        "250" : 0.020043,
        "500" : 0.010000,
        "750" : 0.000000,
        "1000" : 0.000000,
        "2000" : 0.000000,
        ">=2000" : 0.000000
      },
      "latency_depth" : 1,
      "latency_target" : 0,
      "latency_percentile" : 100.000000,
      "latency_window" : 0
    }
  ]
}
