{
  "fio version" : "fio-3.36",
  "timestamp" : 1750359402,
  "timestamp_ms" : 1750359402165,
  "time" : "Thu Jun 19 18:56:42 2025",
  "jobs" : [
    {
      "jobname" : "seq_sync_job",
      "groupid" : 0,
      "job_start" : 1750359342106,
      "error" : 0,
      "eta" : 0,
      "elapsed" : 61,
      "job options" : {
        "ioengine" : "psync",
        "sync" : "1",
        "rw" : "write",
        "numjobs" : "32",
        "filesize" : "500000000",
        "group_reporting" : "1",
        "thread" : "1",
        "direct" : "0",
        "fsync" : "1",
        "directory" : "/shielded-zfs-bench",
        "time_based" : "1",
        "runtime" : "60",
        "bs" : "1m",
        "filename_format" : "file$jobnum"
      },
      "read" : {
        "io_bytes" : 0,
        "io_kbytes" : 0,
        "bw_bytes" : 0,
        "bw" : 0,
        "iops" : 0.000000,
        "runtime" : 0,
        "total_ios" : 0,
        "short_ios" : 0,
        "drop_ios" : 0,
        "slat_ns" : {
          "min" : 0,
          "max" : 0,
          "mean" : 0.000000,
          "stddev" : 0.000000,
          "N" : 0
        },
        "clat_ns" : {
          "min" : 0,
          "max" : 0,
          "mean" : 0.000000,
          "stddev" : 0.000000,
          "N" : 0
        },
        "lat_ns" : {
          "min" : 0,
          "max" : 0,
          "mean" : 0.000000,
          "stddev" : 0.000000,
          "N" : 0
        },
        "bw_min" : 0,
        "bw_max" : 0,
        "bw_agg" : 0.000000,
        "bw_mean" : 0.000000,
        "bw_dev" : 0.000000,
        "bw_samples" : 0,
        "iops_min" : 0,
        "iops_max" : 0,
        "iops_mean" : 0.000000,
        "iops_stddev" : 0.000000,
        "iops_samples" : 0
      },
      "write" : {
        "io_bytes" : 44687163392,
        "io_kbytes" : 43639808,
        "bw_bytes" : 744240280,
        "bw" : 726797,
        "iops" : 709.762841,
        "runtime" : 60044,
        "total_ios" : 42617,
        "short_ios" : 0,
        "drop_ios" : 0,
        "slat_ns" : {
          "min" : 0,
          "max" : 0,
          "mean" : 0.000000,
          "stddev" : 0.000000,
          "N" : 0
        },
        "clat_ns" : {
          "min" : 10752491,
          "max" : 115287833,
          "mean" : 42091007.530023,
          "stddev" : 13730765.855014,
          "N" : 42617,
          "percentile" : {
            "1.000000" : 15007744,
            "5.000000" : 17170432,
            "10.000000" : 19005440,
            "20.000000" : 31326208,
            "30.000000" : 39059456,
            "40.000000" : 43778048,
            "50.000000" : 45350912,
            "60.000000" : 46399488,
            "70.000000" : 47448064,
            "80.000000" : 49020928,
            "90.000000" : 55312384,
            "95.000000" : 62128128,
            "99.000000" : 86507520,
            "99.500000" : 91750400,
            "99.900000" : 94896128,
            "99.950000" : 114819072,
            "99.990000" : 114819072
          }
        },
        "lat_ns" : {
          "min" : 10795973,
          "max" : 115312528,
          "mean" : 42197141.519300,
          "stddev" : 13727391.576222,
          "N" : 42617
        },
        "bw_min" : 575488,
        "bw_max" : 992025,
        "bw_agg" : 99.998741,
        "bw_mean" : 726788.466667,
        "bw_dev" : 2086.261109,
        "bw_samples" : 3840,
        "iops_min" : 562,
        "iops_max" : 968,
        "iops_mean" : 709.708333,
        "iops_stddev" : 2.035322,
        "iops_samples" : 3840
      },
      "trim" : {
        "io_bytes" : 0,
        "io_kbytes" : 0,
        "bw_bytes" : 0,
        "bw" : 0,
        "iops" : 0.000000,
        "runtime" : 0,
        "total_ios" : 0,
        "short_ios" : 0,
        "drop_ios" : 0,
        "slat_ns" : {
          "min" : 0,
          "max" : 0,
          "mean" : 0.000000,
          "stddev" : 0.000000,
          "N" : 0
        },
        "clat_ns" : {
          "min" : 0,
          "max" : 0,
          "mean" : 0.000000,
          "stddev" : 0.000000,
          "N" : 0
        },
        "lat_ns" : {
          "min" : 0,
          "max" : 0,
          "mean" : 0.000000,
          "stddev" : 0.000000,
          "N" : 0
        },
        "bw_min" : 0,
        "bw_max" : 0,
        "bw_agg" : 0.000000,
        "bw_mean" : 0.000000,
        "bw_dev" : 0.000000,
        "bw_samples" : 0,
        "iops_min" : 0,
        "iops_max" : 0,
        "iops_mean" : 0.000000,
        "iops_stddev" : 0.000000,
        "iops_samples" : 0
      },
      "sync" : {
        "total_ios" : 42649,
        "lat_ns" : {
          "min" : 3997,
          "max" : 91723877,
          "mean" : 2873394.443621,
          "stddev" : 10187762.553615,
          "N" : 42649,
          "percentile" : {
            "1.000000" : 10432,
            "5.000000" : 27776,
            "10.000000" : 41728,
            "20.000000" : 59136,
            "30.000000" : 77312,
            "40.000000" : 95744,
            "50.000000" : 115200,
            "60.000000" : 144384,
            "70.000000" : 284672,
            "80.000000" : 733184,
            "90.000000" : 1286144,
            "95.000000" : 30015488,
            "99.000000" : 47972352,
            "99.500000" : 57409536,
            "99.900000" : 63176704,
            "99.950000" : 68681728,
            "99.990000" : 90701824
          }
        }
      },
      "job_runtime" : 1921322,
      "usr_cpu" : 0.279651,
      "sys_cpu" : 2.594776,
      "ctx" : 165831,
      "majf" : 0,
      "minf" : 0,
      "iodepth_level" : {
        "1" : 200.075087,
        "2" : 0.000000,
        "4" : 0.000000,
        "8" : 0.000000,
        "16" : 0.000000,
        "32" : 0.000000,
        ">=64" : 0.000000
      },
      "iodepth_submit" : {
        "0" : 0.000000,
        "4" : 100.000000,
        "8" : 0.000000,
        "16" : 0.000000,
        "32" : 0.000000,
        "64" : 0.000000,
        ">=64" : 0.000000
      },
      "iodepth_complete" : {
        "0" : 0.000000,
        "4" : 100.000000,
        "8" : 0.000000,
        "16" : 0.000000,
        "32" : 0.000000,
        "64" : 0.000000,
        ">=64" : 0.000000
      },
      "latency_ns" : {
        "2" : 0.000000,
        "4" : 0.000000,
        "10" : 0.000000,
        "20" : 0.000000,
        "50" : 0.000000,
        "100" : 0.000000,
        "250" : 0.000000,
        "500" : 0.000000,
        "750" : 0.000000,
        "1000" : 0.000000
      },
      "latency_us" : {
        "2" : 0.000000,
        "4" : 0.000000,
        "10" : 0.000000,
        "20" : 0.000000,
        "50" : 0.000000,
        "100" : 0.000000,
        "250" : 0.000000,
        "500" : 0.000000,
        "750" : 0.000000,
        "1000" : 0.000000
      },
      "latency_ms" : {
        "2" : 0.000000,
        "4" : 0.000000,
        "10" : 0.000000,
        "20" : 12.044489,
        "50" : 70.640824,
        "100" : 17.239599,
        "250" : 0.075087,
        "500" : 0.000000,
        "750" : 0.000000,
        "1000" : 0.000000,
        "2000" : 0.000000,
        ">=2000" : 0.000000
      },
      "latency_depth" : 1,
      "latency_target" : 0,
      "latency_percentile" : 100.000000,
      "latency_window" : 0
    }
  ]
}
