{
  "fio version" : "fio-3.36",
  "timestamp" : 1750358870,
  "timestamp_ms" : 1750358870255,
  "time" : "Thu Jun 19 18:47:50 2025",
  "jobs" : [
    {
      "jobname" : "seq_sync_job",
      "groupid" : 0,
      "job_start" : 1750358810243,
      "error" : 0,
      "eta" : 0,
      "elapsed" : 61,
      "job options" : {
        "ioengine" : "psync",
        "sync" : "1",
        "rw" : "write",
        "numjobs" : "16",
        "filesize" : "1000000000",
        "group_reporting" : "1",
        "thread" : "1",
        "direct" : "0",
        "fsync" : "1",
        "directory" : "/shielded-zfs-bench",
        "time_based" : "1",
        "runtime" : "60",
        "bs" : "8k",
        "filename_format" : "file$jobnum"
      },
      "read" : {
        "io_bytes" : 0,
        "io_kbytes" : 0,
        "bw_bytes" : 0,
        "bw" : 0,
        "iops" : 0.000000,
        "runtime" : 0,
        "total_ios" : 0,
        "short_ios" : 0,
        "drop_ios" : 0,
        "slat_ns" : {
          "min" : 0,
          "max" : 0,
          "mean" : 0.000000,
          "stddev" : 0.000000,
          "N" : 0
        },
        "clat_ns" : {
          "min" : 0,
          "max" : 0,
          "mean" : 0.000000,
          "stddev" : 0.000000,
          "N" : 0
        },
        "lat_ns" : {
          "min" : 0,
          "max" : 0,
          "mean" : 0.000000,
          "stddev" : 0.000000,
          "N" : 0
        },
        "bw_min" : 0,
        "bw_max" : 0,
        "bw_agg" : 0.000000,
        "bw_mean" : 0.000000,
        "bw_dev" : 0.000000,
        "bw_samples" : 0,
        "iops_min" : 0,
        "iops_max" : 0,
        "iops_mean" : 0.000000,
        "iops_stddev" : 0.000000,
        "iops_samples" : 0
      },
      "write" : {
        "io_bytes" : 1457381376,
        "io_kbytes" : 1423224,
        "bw_bytes" : 24289284,
        "bw" : 23720,
        "iops" : 2965.000583,
        "runtime" : 60001,
        "total_ios" : 177903,
        "short_ios" : 0,
        "drop_ios" : 0,
        "slat_ns" : {
          "min" : 0,
          "max" : 0,
          "mean" : 0.000000,
          "stddev" : 0.000000,
          "N" : 0
        },
        "clat_ns" : {
          "min" : 1745172,
          "max" : 106189789,
          "mean" : 3177453.731505,
          "stddev" : 1390040.885480,
          "N" : 177903,
          "percentile" : {
            "1.000000" : 2211840,
            "5.000000" : 2408448,
            "10.000000" : 2506752,
            "20.000000" : 2637824,
            "30.000000" : 2768896,
            "40.000000" : 2867200,
            "50.000000" : 2965504,
            "60.000000" : 3063808,
            "70.000000" : 3227648,
            "80.000000" : 3457024,
            "90.000000" : 3883008,
            "95.000000" : 4620288,
            "99.000000" : 6979584,
            "99.500000" : 8159232,
            "99.900000" : 11993088,
            "99.950000" : 14221312,
            "99.990000" : 69730304
          }
        },
        "lat_ns" : {
          "min" : 1745342,
          "max" : 106190350,
          "mean" : 3177672.796872,
          "stddev" : 1390047.995867,
          "N" : 177903
        },
        "bw_min" : 17776,
        "bw_max" : 28480,
        "bw_agg" : 100.000000,
        "bw_mean" : 23741.647059,
        "bw_dev" : 126.278305,
        "bw_samples" : 1904,
        "iops_min" : 2222,
        "iops_max" : 3560,
        "iops_mean" : 2967.697479,
        "iops_stddev" : 15.784531,
        "iops_samples" : 1904
      },
      "trim" : {
        "io_bytes" : 0,
        "io_kbytes" : 0,
        "bw_bytes" : 0,
        "bw" : 0,
        "iops" : 0.000000,
        "runtime" : 0,
        "total_ios" : 0,
        "short_ios" : 0,
        "drop_ios" : 0,
        "slat_ns" : {
          "min" : 0,
          "max" : 0,
          "mean" : 0.000000,
          "stddev" : 0.000000,
          "N" : 0
        },
        "clat_ns" : {
          "min" : 0,
          "max" : 0,
          "mean" : 0.000000,
          "stddev" : 0.000000,
          "N" : 0
        },
        "lat_ns" : {
          "min" : 0,
          "max" : 0,
          "mean" : 0.000000,
          "stddev" : 0.000000,
          "N" : 0
        },
        "bw_min" : 0,
        "bw_max" : 0,
        "bw_agg" : 0.000000,
        "bw_mean" : 0.000000,
        "bw_dev" : 0.000000,
        "bw_samples" : 0,
        "iops_min" : 0,
        "iops_max" : 0,
        "iops_mean" : 0.000000,
        "iops_stddev" : 0.000000,
        "iops_samples" : 0
      },
      "sync" : {
        "total_ios" : 177896,
        "lat_ns" : {
          "min" : 4349,
          "max" : 104511071,
          "mean" : 2216689.630576,
          "stddev" : 1634819.094601,
          "N" : 177896,
          "percentile" : {
            "1.000000" : 28288,
            "5.000000" : 35584,
            "10.000000" : 39680,
            "20.000000" : 49408,
            "30.000000" : 2179072,
            "40.000000" : 2506752,
            "50.000000" : 2670592,
            "60.000000" : 2834432,
            "70.000000" : 2965504,
            "80.000000" : 3194880,
            "90.000000" : 3555328,
            "95.000000" : 4112384,
            "99.000000" : 6193152,
            "99.500000" : 7307264,
            "99.900000" : 10027008,
            "99.950000" : 11862016,
            "99.990000" : 17694720
          }
        }
      },
      "job_runtime" : 960000,
      "usr_cpu" : 0.069271,
      "sys_cpu" : 3.816458,
      "ctx" : 608112,
      "majf" : 0,
      "minf" : 0,
      "iodepth_level" : {
        "1" : 199.996065,
        "2" : 0.000000,
        "4" : 0.000000,
        "8" : 0.000000,
        "16" : 0.000000,
        "32" : 0.000000,
        ">=64" : 0.000000
      },
      "iodepth_submit" : {
        "0" : 0.000000,
        "4" : 100.000000,
        "8" : 0.000000,
        "16" : 0.000000,
        "32" : 0.000000,
        "64" : 0.000000,
        ">=64" : 0.000000
      },
      "iodepth_complete" : {
        "0" : 0.000000,
        "4" : 100.000000,
        "8" : 0.000000,
        "16" : 0.000000,
        "32" : 0.000000,
        "64" : 0.000000,
        ">=64" : 0.000000
      },
      "latency_ns" : {
        "2" : 0.000000,
        "4" : 0.000000,
        "10" : 0.000000,
        "20" : 0.000000,
        "50" : 0.000000,
        "100" : 0.000000,
        "250" : 0.000000,
        "500" : 0.000000,
        "750" : 0.000000,
        "1000" : 0.000000
      },
      "latency_us" : {
        "2" : 0.000000,
        "4" : 0.000000,
        "10" : 0.000000,
        "20" : 0.000000,
        "50" : 0.000000,
        "100" : 0.000000,
        "250" : 0.000000,
        "500" : 0.000000,
        "750" : 0.000000,
        "1000" : 0.000000
      },
      "latency_ms" : {
        "2" : 0.073074,
        "4" : 91.318303,
        "10" : 8.379285,
        "20" : 0.193926,
        "50" : 0.021922,
        "100" : 0.010000,
        "250" : 0.010000,
        "500" : 0.000000,
        "750" : 0.000000,
        "1000" : 0.000000,
        "2000" : 0.000000,
        ">=2000" : 0.000000
      },
      "latency_depth" : 1,
      "latency_target" : 0,
      "latency_percentile" : 100.000000,
      "latency_window" : 0
    }
  ]
}
