{
  "fio version" : "fio-3.36",
  "timestamp" : 1750358393,
  "timestamp_ms" : 1750358393845,
  "time" : "Thu Jun 19 18:39:53 2025",
  "jobs" : [
    {
      "jobname" : "seq_sync_job",
      "groupid" : 0,
      "job_start" : 1750358333827,
      "error" : 0,
      "eta" : 0,
      "elapsed" : 61,
      "job options" : {
        "ioengine" : "psync",
        "sync" : "1",
        "rw" : "write",
        "numjobs" : "32",
        "filesize" : "500000000",
        "group_reporting" : "1",
        "thread" : "1",
        "direct" : "0",
        "fsync" : "1",
        "directory" : "/zfs-bench",
        "time_based" : "1",
        "runtime" : "60",
        "bs" : "8k",
        "filename_format" : "file$jobnum"
      },
      "read" : {
        "io_bytes" : 0,
        "io_kbytes" : 0,
        "bw_bytes" : 0,
        "bw" : 0,
        "iops" : 0.000000,
        "runtime" : 0,
        "total_ios" : 0,
        "short_ios" : 0,
        "drop_ios" : 0,
        "slat_ns" : {
          "min" : 0,
          "max" : 0,
          "mean" : 0.000000,
          "stddev" : 0.000000,
          "N" : 0
        },
        "clat_ns" : {
          "min" : 0,
          "max" : 0,
          "mean" : 0.000000,
          "stddev" : 0.000000,
          "N" : 0
        },
        "lat_ns" : {
          "min" : 0,
          "max" : 0,
          "mean" : 0.000000,
          "stddev" : 0.000000,
          "N" : 0
        },
        "bw_min" : 0,
        "bw_max" : 0,
        "bw_agg" : 0.000000,
        "bw_mean" : 0.000000,
        "bw_dev" : 0.000000,
        "bw_samples" : 0,
        "iops_min" : 0,
        "iops_max" : 0,
        "iops_mean" : 0.000000,
        "iops_stddev" : 0.000000,
        "iops_samples" : 0
      },
      "write" : {
        "io_bytes" : 3297935360,
        "io_kbytes" : 3220640,
        "bw_bytes" : 54960093,
        "bw" : 53671,
        "iops" : 6708.995767,
        "runtime" : 60006,
        "total_ios" : 402580,
        "short_ios" : 0,
        "drop_ios" : 0,
        "slat_ns" : {
          "min" : 0,
          "max" : 0,
          "mean" : 0.000000,
          "stddev" : 0.000000,
          "N" : 0
        },
        "clat_ns" : {
          "min" : 1286075,
          "max" : 1170955327,
          "mean" : 2576962.698564,
          "stddev" : 7546627.850740,
          "N" : 402580,
          "percentile" : {
            "1.000000" : 1646592,
            "5.000000" : 1810432,
            "10.000000" : 1875968,
            "20.000000" : 1974272,
            "30.000000" : 2039808,
            "40.000000" : 2113536,
            "50.000000" : 2211840,
            "60.000000" : 2342912,
            "70.000000" : 2506752,
            "80.000000" : 2736128,
            "90.000000" : 3260416,
            "95.000000" : 4358144,
            "99.000000" : 7307264,
            "99.500000" : 8716288,
            "99.900000" : 11862016,
            "99.950000" : 14614528,
            "99.990000" : 100139008
          }
        },
        "lat_ns" : {
          "min" : 1286416,
          "max" : 1170955587,
          "mean" : 2577235.908965,
          "stddev" : 7546628.342480,
          "N" : 402580
        },
        "bw_min" : 6736,
        "bw_max" : 60176,
        "bw_agg" : 100.000000,
        "bw_mean" : 54154.440678,
        "bw_dev" : 193.941415,
        "bw_samples" : 3776,
        "iops_min" : 842,
        "iops_max" : 7522,
        "iops_mean" : 6769.288136,
        "iops_stddev" : 24.242374,
        "iops_samples" : 3776
      },
      "trim" : {
        "io_bytes" : 0,
        "io_kbytes" : 0,
        "bw_bytes" : 0,
        "bw" : 0,
        "iops" : 0.000000,
        "runtime" : 0,
        "total_ios" : 0,
        "short_ios" : 0,
        "drop_ios" : 0,
        "slat_ns" : {
          "min" : 0,
          "max" : 0,
          "mean" : 0.000000,
          "stddev" : 0.000000,
          "N" : 0
        },
        "clat_ns" : {
          "min" : 0,
          "max" : 0,
          "mean" : 0.000000,
          "stddev" : 0.000000,
          "N" : 0
        },
        "lat_ns" : {
          "min" : 0,
          "max" : 0,
          "mean" : 0.000000,
          "stddev" : 0.000000,
          "N" : 0
        },
        "bw_min" : 0,
        "bw_max" : 0,
        "bw_agg" : 0.000000,
        "bw_mean" : 0.000000,
        "bw_dev" : 0.000000,
        "bw_samples" : 0,
        "iops_min" : 0,
        "iops_max" : 0,
        "iops_mean" : 0.000000,
        "iops_stddev" : 0.000000,
        "iops_samples" : 0
      },
      "sync" : {
        "total_ios" : 402567,
        "lat_ns" : {
          "min" : 6342,
          "max" : 1170927677,
          "mean" : 2190487.091813,
          "stddev" : 7582440.190406,
          "N" : 402567,
          "percentile" : {
            "1.000000" : 87552,
            "5.000000" : 110080,
            "10.000000" : 154624,
            "20.000000" : 1728512,
            "30.000000" : 1908736,
            "40.000000" : 2007040,
            "50.000000" : 2113536,
            "60.000000" : 2244608,
            "70.000000" : 2375680,
            "80.000000" : 2605056,
            "90.000000" : 3031040,
            "95.000000" : 3981312,
            "99.000000" : 6914048,
            "99.500000" : 8159232,
            "99.900000" : 11206656,
            "99.950000" : 12517376,
            "99.990000" : 100139008
          }
        }
      },
      "job_runtime" : 1920109,
      "usr_cpu" : 0.092963,
      "sys_cpu" : 3.282366,
      "ctx" : 1396358,
      "majf" : 0,
      "minf" : 0,
      "iodepth_level" : {
        "1" : 199.996771,
        "2" : 0.000000,
        "4" : 0.000000,
        "8" : 0.000000,
        "16" : 0.000000,
        "32" : 0.000000,
        ">=64" : 0.000000
      },
      "iodepth_submit" : {
        "0" : 0.000000,
        "4" : 100.000000,
        "8" : 0.000000,
        "16" : 0.000000,
        "32" : 0.000000,
        "64" : 0.000000,
        ">=64" : 0.000000
      },
      "iodepth_complete" : {
        "0" : 0.000000,
        "4" : 100.000000,
        "8" : 0.000000,
        "16" : 0.000000,
        "32" : 0.000000,
        "64" : 0.000000,
        ">=64" : 0.000000
      },
      "latency_ns" : {
        "2" : 0.000000,
        "4" : 0.000000,
        "10" : 0.000000,
        "20" : 0.000000,
        "50" : 0.000000,
        "100" : 0.000000,
        "250" : 0.000000,
        "500" : 0.000000,
        "750" : 0.000000,
        "1000" : 0.000000
      },
      "latency_us" : {
        "2" : 0.000000,
        "4" : 0.000000,
        "10" : 0.000000,
        "20" : 0.000000,
        "50" : 0.000000,
        "100" : 0.000000,
        "250" : 0.000000,
        "500" : 0.000000,
        "750" : 0.000000,
        "1000" : 0.000000
      },
      "latency_ms" : {
        "2" : 24.446570,
        "4" : 69.278901,
        "10" : 6.011973,
        "20" : 0.229271,
        "50" : 0.018381,
        "100" : 0.010000,
        "250" : 0.010000,
        "500" : 0.000000,
        "750" : 0.000000,
        "1000" : 0.000000,
        "2000" : 0.010000,
        ">=2000" : 0.000000
      },
      "latency_depth" : 1,
      "latency_target" : 0,
      "latency_percentile" : 100.000000,
      "latency_window" : 0
    }
  ]
}
