{
  "fio version" : "fio-3.36",
  "timestamp" : 1750358039,
  "timestamp_ms" : 1750358039856,
  "time" : "Thu Jun 19 18:33:59 2025",
  "jobs" : [
    {
      "jobname" : "seq_sync_job",
      "groupid" : 0,
      "job_start" : 1750357979835,
      "error" : 0,
      "eta" : 0,
      "elapsed" : 61,
      "job options" : {
        "ioengine" : "psync",
        "sync" : "1",
        "rw" : "write",
        "numjobs" : "16",
        "filesize" : "1000000000",
        "group_reporting" : "1",
        "thread" : "1",
        "direct" : "0",
        "fsync" : "1",
        "directory" : "/zfs-bench",
        "time_based" : "1",
        "runtime" : "60",
        "bs" : "8k",
        "filename_format" : "file$jobnum"
      },
      "read" : {
        "io_bytes" : 0,
        "io_kbytes" : 0,
        "bw_bytes" : 0,
        "bw" : 0,
        "iops" : 0.000000,
        "runtime" : 0,
        "total_ios" : 0,
        "short_ios" : 0,
        "drop_ios" : 0,
        "slat_ns" : {
          "min" : 0,
          "max" : 0,
          "mean" : 0.000000,
          "stddev" : 0.000000,
          "N" : 0
        },
        "clat_ns" : {
          "min" : 0,
          "max" : 0,
          "mean" : 0.000000,
          "stddev" : 0.000000,
          "N" : 0
        },
        "lat_ns" : {
          "min" : 0,
          "max" : 0,
          "mean" : 0.000000,
          "stddev" : 0.000000,
          "N" : 0
        },
        "bw_min" : 0,
        "bw_max" : 0,
        "bw_agg" : 0.000000,
        "bw_mean" : 0.000000,
        "bw_dev" : 0.000000,
        "bw_samples" : 0,
        "iops_min" : 0,
        "iops_max" : 0,
        "iops_mean" : 0.000000,
        "iops_stddev" : 0.000000,
        "iops_samples" : 0
      },
      "write" : {
        "io_bytes" : 1753628672,
        "io_kbytes" : 1712528,
        "bw_bytes" : 29226170,
        "bw" : 28541,
        "iops" : 3567.647745,
        "runtime" : 60002,
        "total_ios" : 214066,
        "short_ios" : 0,
        "drop_ios" : 0,
        "slat_ns" : {
          "min" : 0,
          "max" : 0,
          "mean" : 0.000000,
          "stddev" : 0.000000,
          "N" : 0
        },
        "clat_ns" : {
          "min" : 1472151,
          "max" : 36730501,
          "mean" : 2653487.684896,
          "stddev" : 1207566.245597,
          "N" : 214066,
          "percentile" : {
            "1.000000" : 1761280,
            "5.000000" : 1892352,
            "10.000000" : 1957888,
            "20.000000" : 2056192,
            "30.000000" : 2146304,
            "40.000000" : 2211840,
            "50.000000" : 2310144,
            "60.000000" : 2441216,
            "70.000000" : 2605056,
            "80.000000" : 2834432,
            "90.000000" : 3555328,
            "95.000000" : 4685824,
            "99.000000" : 7897088,
            "99.500000" : 10027008,
            "99.900000" : 12386304,
            "99.950000" : 15400960,
            "99.990000" : 21102592
          }
        },
        "lat_ns" : {
          "min" : 1472332,
          "max" : 36731072,
          "mean" : 2653764.207361,
          "stddev" : 1207571.072033,
          "N" : 214066
        },
        "bw_min" : 22800,
        "bw_max" : 33456,
        "bw_agg" : 100.000000,
        "bw_mean" : 28560.537815,
        "bw_dev" : 134.476806,
        "bw_samples" : 1904,
        "iops_min" : 2850,
        "iops_max" : 4182,
        "iops_mean" : 3570.067227,
        "iops_stddev" : 16.809601,
        "iops_samples" : 1904
      },
      "trim" : {
        "io_bytes" : 0,
        "io_kbytes" : 0,
        "bw_bytes" : 0,
        "bw" : 0,
        "iops" : 0.000000,
        "runtime" : 0,
        "total_ios" : 0,
        "short_ios" : 0,
        "drop_ios" : 0,
        "slat_ns" : {
          "min" : 0,
          "max" : 0,
          "mean" : 0.000000,
          "stddev" : 0.000000,
          "N" : 0
        },
        "clat_ns" : {
          "min" : 0,
          "max" : 0,
          "mean" : 0.000000,
          "stddev" : 0.000000,
          "N" : 0
        },
        "lat_ns" : {
          "min" : 0,
          "max" : 0,
          "mean" : 0.000000,
          "stddev" : 0.000000,
          "N" : 0
        },
        "bw_min" : 0,
        "bw_max" : 0,
        "bw_agg" : 0.000000,
        "bw_mean" : 0.000000,
        "bw_dev" : 0.000000,
        "bw_samples" : 0,
        "iops_min" : 0,
        "iops_max" : 0,
        "iops_mean" : 0.000000,
        "iops_stddev" : 0.000000,
        "iops_samples" : 0
      },
      "sync" : {
        "total_ios" : 214059,
        "lat_ns" : {
          "min" : 3707,
          "max" : 21087154,
          "mean" : 1829195.239280,
          "stddev" : 1508003.312097,
          "N" : 214059,
          "percentile" : {
            "1.000000" : 19584,
            "5.000000" : 28800,
            "10.000000" : 33536,
            "20.000000" : 41728,
            "30.000000" : 1187840,
            "40.000000" : 1957888,
            "50.000000" : 2072576,
            "60.000000" : 2211840,
            "70.000000" : 2342912,
            "80.000000" : 2572288,
            "90.000000" : 3031040,
            "95.000000" : 4014080,
            "99.000000" : 7045120,
            "99.500000" : 8716288,
            "99.900000" : 11599872,
            "99.950000" : 12517376,
            "99.990000" : 18219008
          }
        }
      },
      "job_runtime" : 960005,
      "usr_cpu" : 0.094583,
      "sys_cpu" : 2.151864,
      "ctx" : 731896,
      "majf" : 0,
      "minf" : 0,
      "iodepth_level" : {
        "1" : 199.996730,
        "2" : 0.000000,
        "4" : 0.000000,
        "8" : 0.000000,
        "16" : 0.000000,
        "32" : 0.000000,
        ">=64" : 0.000000
      },
      "iodepth_submit" : {
        "0" : 0.000000,
        "4" : 100.000000,
        "8" : 0.000000,
        "16" : 0.000000,
        "32" : 0.000000,
        "64" : 0.000000,
        ">=64" : 0.000000
      },
      "iodepth_complete" : {
        "0" : 0.000000,
        "4" : 100.000000,
        "8" : 0.000000,
        "16" : 0.000000,
        "32" : 0.000000,
        "64" : 0.000000,
        ">=64" : 0.000000
      },
      "latency_ns" : {
        "2" : 0.000000,
        "4" : 0.000000,
        "10" : 0.000000,
        "20" : 0.000000,
        "50" : 0.000000,
        "100" : 0.000000,
        "250" : 0.000000,
        "500" : 0.000000,
        "750" : 0.000000,
        "1000" : 0.000000
      },
      "latency_us" : {
        "2" : 0.000000,
        "4" : 0.000000,
        "10" : 0.000000,
        "20" : 0.000000,
        "50" : 0.000000,
        "100" : 0.000000,
        "250" : 0.000000,
        "500" : 0.000000,
        "750" : 0.000000,
        "1000" : 0.000000
      },
      "latency_ms" : {
        "2" : 13.443517,
        "4" : 78.985920,
        "10" : 7.073519,
        "20" : 0.486299,
        "50" : 0.010744,
        "100" : 0.000000,
        "250" : 0.000000,
        "500" : 0.000000,
        "750" : 0.000000,
        "1000" : 0.000000,
        "2000" : 0.000000,
        ">=2000" : 0.000000
      },
      "latency_depth" : 1,
      "latency_target" : 0,
      "latency_percentile" : 100.000000,
      "latency_window" : 0
    }
  ]
}
