{
  "fio version" : "fio-3.36",
  "timestamp" : 1750359047,
  "timestamp_ms" : 1750359047466,
  "time" : "Thu Jun 19 18:50:47 2025",
  "jobs" : [
    {
      "jobname" : "seq_sync_job",
      "groupid" : 0,
      "job_start" : 1750358987413,
      "error" : 0,
      "eta" : 0,
      "elapsed" : 61,
      "job options" : {
        "ioengine" : "psync",
        "sync" : "1",
        "rw" : "write",
        "numjobs" : "16",
        "filesize" : "1000000000",
        "group_reporting" : "1",
        "thread" : "1",
        "direct" : "0",
        "fsync" : "1",
        "directory" : "/shielded-zfs-bench",
        "time_based" : "1",
        "runtime" : "60",
        "bs" : "1m",
        "filename_format" : "file$jobnum"
      },
      "read" : {
        "io_bytes" : 0,
        "io_kbytes" : 0,
        "bw_bytes" : 0,
        "bw" : 0,
        "iops" : 0.000000,
        "runtime" : 0,
        "total_ios" : 0,
        "short_ios" : 0,
        "drop_ios" : 0,
        "slat_ns" : {
          "min" : 0,
          "max" : 0,
          "mean" : 0.000000,
          "stddev" : 0.000000,
          "N" : 0
        },
        "clat_ns" : {
          "min" : 0,
          "max" : 0,
          "mean" : 0.000000,
          "stddev" : 0.000000,
          "N" : 0
        },
        "lat_ns" : {
          "min" : 0,
          "max" : 0,
          "mean" : 0.000000,
          "stddev" : 0.000000,
          "N" : 0
        },
        "bw_min" : 0,
        "bw_max" : 0,
        "bw_agg" : 0.000000,
        "bw_mean" : 0.000000,
        "bw_dev" : 0.000000,
        "bw_samples" : 0,
        "iops_min" : 0,
        "iops_max" : 0,
        "iops_mean" : 0.000000,
        "iops_stddev" : 0.000000,
        "iops_samples" : 0
      },
      "write" : {
        "io_bytes" : 45105545216,
        "io_kbytes" : 44048384,
        "bw_bytes" : 751258248,
        "bw" : 733650,
        "iops" : 716.455696,
        "runtime" : 60040,
        "total_ios" : 43016,
        "short_ios" : 0,
        "drop_ios" : 0,
        "slat_ns" : {
          "min" : 0,
          "max" : 0,
          "mean" : 0.000000,
          "stddev" : 0.000000,
          "N" : 0
        },
        "clat_ns" : {
          "min" : 7617588,
          "max" : 78284955,
          "mean" : 22154021.715780,
          "stddev" : 11465580.643282,
          "N" : 43016,
          "percentile" : {
            "1.000000" : 10289152,
            "5.000000" : 10682368,
            "10.000000" : 10944512,
            "20.000000" : 11599872,
            "30.000000" : 12910592,
            "40.000000" : 14221312,
            "50.000000" : 16580608,
            "60.000000" : 23461888,
            "70.000000" : 30277632,
            "80.000000" : 33816576,
            "90.000000" : 36962304,
            "95.000000" : 43253760,
            "99.000000" : 51642368,
            "99.500000" : 53215232,
            "99.900000" : 62128128,
            "99.950000" : 62652416,
            "99.990000" : 78118912
          }
        },
        "lat_ns" : {
          "min" : 7655268,
          "max" : 78353641,
          "mean" : 22234898.468802,
          "stddev" : 11464424.244752,
          "N" : 43016
        },
        "bw_min" : 655360,
        "bw_max" : 951581,
        "bw_agg" : 100.000000,
        "bw_mean" : 733860.508333,
        "bw_dev" : 2558.554623,
        "bw_samples" : 1920,
        "iops_min" : 640,
        "iops_max" : 928,
        "iops_mean" : 716.666667,
        "iops_stddev" : 2.494315,
        "iops_samples" : 1920
      },
      "trim" : {
        "io_bytes" : 0,
        "io_kbytes" : 0,
        "bw_bytes" : 0,
        "bw" : 0,
        "iops" : 0.000000,
        "runtime" : 0,
        "total_ios" : 0,
        "short_ios" : 0,
        "drop_ios" : 0,
        "slat_ns" : {
          "min" : 0,
          "max" : 0,
          "mean" : 0.000000,
          "stddev" : 0.000000,
          "N" : 0
        },
        "clat_ns" : {
          "min" : 0,
          "max" : 0,
          "mean" : 0.000000,
          "stddev" : 0.000000,
          "N" : 0
        },
        "lat_ns" : {
          "min" : 0,
          "max" : 0,
          "mean" : 0.000000,
          "stddev" : 0.000000,
          "N" : 0
        },
        "bw_min" : 0,
        "bw_max" : 0,
        "bw_agg" : 0.000000,
        "bw_mean" : 0.000000,
        "bw_dev" : 0.000000,
        "bw_samples" : 0,
        "iops_min" : 0,
        "iops_max" : 0,
        "iops_mean" : 0.000000,
        "iops_stddev" : 0.000000,
        "iops_samples" : 0
      },
      "sync" : {
        "total_ios" : 43032,
        "lat_ns" : {
          "min" : 3747,
          "max" : 40375686,
          "mean" : 88747.800172,
          "stddev" : 1161986.458424,
          "N" : 43032,
          "percentile" : {
            "1.000000" : 6624,
            "5.000000" : 9280,
            "10.000000" : 11072,
            "20.000000" : 14272,
            "30.000000" : 17792,
            "40.000000" : 21888,
            "50.000000" : 25984,
            "60.000000" : 30592,
            "70.000000" : 35072,
            "80.000000" : 40192,
            "90.000000" : 48384,
            "95.000000" : 57088,
            "99.000000" : 168960,
            "99.500000" : 790528,
            "99.900000" : 23724032,
            "99.950000" : 25559040,
            "99.990000" : 39583744
          }
        }
      },
      "job_runtime" : 960611,
      "usr_cpu" : 0.388086,
      "sys_cpu" : 3.810283,
      "ctx" : 129450,
      "majf" : 0,
      "minf" : 0,
      "iodepth_level" : {
        "1" : 200.037195,
        "2" : 0.000000,
        "4" : 0.000000,
        "8" : 0.000000,
        "16" : 0.000000,
        "32" : 0.000000,
        ">=64" : 0.000000
      },
      "iodepth_submit" : {
        "0" : 0.000000,
        "4" : 100.000000,
        "8" : 0.000000,
        "16" : 0.000000,
        "32" : 0.000000,
        "64" : 0.000000,
        ">=64" : 0.000000
      },
      "iodepth_complete" : {
        "0" : 0.000000,
        "4" : 100.000000,
        "8" : 0.000000,
        "16" : 0.000000,
        "32" : 0.000000,
        "64" : 0.000000,
        ">=64" : 0.000000
      },
      "latency_ns" : {
        "2" : 0.000000,
        "4" : 0.000000,
        "10" : 0.000000,
        "20" : 0.000000,
        "50" : 0.000000,
        "100" : 0.000000,
        "250" : 0.000000,
        "500" : 0.000000,
        "750" : 0.000000,
        "1000" : 0.000000
      },
      "latency_us" : {
        "2" : 0.000000,
        "4" : 0.000000,
        "10" : 0.000000,
        "20" : 0.000000,
        "50" : 0.000000,
        "100" : 0.000000,
        "250" : 0.000000,
        "500" : 0.000000,
        "750" : 0.000000,
        "1000" : 0.000000
      },
      "latency_ms" : {
        "2" : 0.000000,
        "4" : 0.000000,
        "10" : 0.462619,
        "20" : 55.144597,
        "50" : 42.309838,
        "100" : 2.082946,
        "250" : 0.000000,
        "500" : 0.000000,
        "750" : 0.000000,
        "1000" : 0.000000,
        "2000" : 0.000000,
        ">=2000" : 0.000000
      },
      "latency_depth" : 1,
      "latency_target" : 0,
      "latency_percentile" : 100.000000,
      "latency_window" : 0
    }
  ]
}
