{
  "fio version" : "fio-3.36",
  "timestamp" : 1750358216,
  "timestamp_ms" : 1750358216007,
  "time" : "Thu Jun 19 18:36:56 2025",
  "jobs" : [
    {
      "jobname" : "seq_sync_job",
      "groupid" : 0,
      "job_start" : 1750358155979,
      "error" : 0,
      "eta" : 0,
      "elapsed" : 61,
      "job options" : {
        "ioengine" : "psync",
        "sync" : "1",
        "rw" : "write",
        "numjobs" : "16",
        "filesize" : "1000000000",
        "group_reporting" : "1",
        "thread" : "1",
        "direct" : "0",
        "fsync" : "1",
        "directory" : "/zfs-bench",
        "time_based" : "1",
        "runtime" : "60",
        "bs" : "1m",
        "filename_format" : "file$jobnum"
      },
      "read" : {
        "io_bytes" : 0,
        "io_kbytes" : 0,
        "bw_bytes" : 0,
        "bw" : 0,
        "iops" : 0.000000,
        "runtime" : 0,
        "total_ios" : 0,
        "short_ios" : 0,
        "drop_ios" : 0,
        "slat_ns" : {
          "min" : 0,
          "max" : 0,
          "mean" : 0.000000,
          "stddev" : 0.000000,
          "N" : 0
        },
        "clat_ns" : {
          "min" : 0,
          "max" : 0,
          "mean" : 0.000000,
          "stddev" : 0.000000,
          "N" : 0
        },
        "lat_ns" : {
          "min" : 0,
          "max" : 0,
          "mean" : 0.000000,
          "stddev" : 0.000000,
          "N" : 0
        },
        "bw_min" : 0,
        "bw_max" : 0,
        "bw_agg" : 0.000000,
        "bw_mean" : 0.000000,
        "bw_dev" : 0.000000,
        "bw_samples" : 0,
        "iops_min" : 0,
        "iops_max" : 0,
        "iops_mean" : 0.000000,
        "iops_stddev" : 0.000000,
        "iops_samples" : 0
      },
      "write" : {
        "io_bytes" : 45124419584,
        "io_kbytes" : 44066816,
        "bw_bytes" : 751960865,
        "bw" : 734336,
        "iops" : 717.125764,
        "runtime" : 60009,
        "total_ios" : 43034,
        "short_ios" : 0,
        "drop_ios" : 0,
        "slat_ns" : {
          "min" : 0,
          "max" : 0,
          "mean" : 0.000000,
          "stddev" : 0.000000,
          "N" : 0
        },
        "clat_ns" : {
          "min" : 4806505,
          "max" : 61806968,
          "mean" : 22165654.793721,
          "stddev" : 11222961.234843,
          "N" : 43034,
          "percentile" : {
            "1.000000" : 10289152,
            "5.000000" : 10813440,
            "10.000000" : 11206656,
            "20.000000" : 11993088,
            "30.000000" : 13303808,
            "40.000000" : 14876672,
            "50.000000" : 17170432,
            "60.000000" : 22937600,
            "70.000000" : 28966912,
            "80.000000" : 33423360,
            "90.000000" : 36962304,
            "95.000000" : 43778048,
            "99.000000" : 52690944,
            "99.500000" : 54263808,
            "99.900000" : 61079552,
            "99.950000" : 61603840,
            "99.990000" : 61603840
          }
        },
        "lat_ns" : {
          "min" : 4869994,
          "max" : 61854105,
          "mean" : 22240682.143700,
          "stddev" : 11222006.684770,
          "N" : 43034
        },
        "bw_min" : 653312,
        "bw_max" : 1015808,
        "bw_agg" : 99.994174,
        "bw_mean" : 734294.445378,
        "bw_dev" : 2730.585425,
        "bw_samples" : 1904,
        "iops_min" : 638,
        "iops_max" : 992,
        "iops_mean" : 717.075630,
        "iops_stddev" : 2.663856,
        "iops_samples" : 1904
      },
      "trim" : {
        "io_bytes" : 0,
        "io_kbytes" : 0,
        "bw_bytes" : 0,
        "bw" : 0,
        "iops" : 0.000000,
        "runtime" : 0,
        "total_ios" : 0,
        "short_ios" : 0,
        "drop_ios" : 0,
        "slat_ns" : {
          "min" : 0,
          "max" : 0,
          "mean" : 0.000000,
          "stddev" : 0.000000,
          "N" : 0
        },
        "clat_ns" : {
          "min" : 0,
          "max" : 0,
          "mean" : 0.000000,
          "stddev" : 0.000000,
          "N" : 0
        },
        "lat_ns" : {
          "min" : 0,
          "max" : 0,
          "mean" : 0.000000,
          "stddev" : 0.000000,
          "N" : 0
        },
        "bw_min" : 0,
        "bw_max" : 0,
        "bw_agg" : 0.000000,
        "bw_mean" : 0.000000,
        "bw_dev" : 0.000000,
        "bw_samples" : 0,
        "iops_min" : 0,
        "iops_max" : 0,
        "iops_mean" : 0.000000,
        "iops_stddev" : 0.000000,
        "iops_samples" : 0
      },
      "sync" : {
        "total_ios" : 43050,
        "lat_ns" : {
          "min" : 4248,
          "max" : 44711893,
          "mean" : 62085.430941,
          "stddev" : 989656.823536,
          "N" : 43050,
          "percentile" : {
            "1.000000" : 6432,
            "5.000000" : 8896,
            "10.000000" : 10688,
            "20.000000" : 13760,
            "30.000000" : 16768,
            "40.000000" : 20608,
            "50.000000" : 24704,
            "60.000000" : 28800,
            "70.000000" : 33024,
            "80.000000" : 38144,
            "90.000000" : 44288,
            "95.000000" : 50432,
            "99.000000" : 71168,
            "99.500000" : 201728,
            "99.900000" : 13434880,
            "99.950000" : 28442624,
            "99.990000" : 40108032
          }
        }
      },
      "job_runtime" : 960114,
      "usr_cpu" : 0.392870,
      "sys_cpu" : 2.802584,
      "ctx" : 132537,
      "majf" : 0,
      "minf" : 0,
      "iodepth_level" : {
        "1" : 200.037180,
        "2" : 0.000000,
        "4" : 0.000000,
        "8" : 0.000000,
        "16" : 0.000000,
        "32" : 0.000000,
        ">=64" : 0.000000
      },
      "iodepth_submit" : {
        "0" : 0.000000,
        "4" : 100.000000,
        "8" : 0.000000,
        "16" : 0.000000,
        "32" : 0.000000,
        "64" : 0.000000,
        ">=64" : 0.000000
      },
      "iodepth_complete" : {
        "0" : 0.000000,
        "4" : 100.000000,
        "8" : 0.000000,
        "16" : 0.000000,
        "32" : 0.000000,
        "64" : 0.000000,
        ">=64" : 0.000000
      },
      "latency_ns" : {
        "2" : 0.000000,
        "4" : 0.000000,
        "10" : 0.000000,
        "20" : 0.000000,
        "50" : 0.000000,
        "100" : 0.000000,
        "250" : 0.000000,
        "500" : 0.000000,
        "750" : 0.000000,
        "1000" : 0.000000
      },
      "latency_us" : {
        "2" : 0.000000,
        "4" : 0.000000,
        "10" : 0.000000,
        "20" : 0.000000,
        "50" : 0.000000,
        "100" : 0.000000,
        "250" : 0.000000,
        "500" : 0.000000,
        "750" : 0.000000,
        "1000" : 0.000000
      },
      "latency_ms" : {
        "2" : 0.000000,
        "4" : 0.000000,
        "10" : 0.130130,
        "20" : 55.265604,
        "50" : 42.543105,
        "100" : 2.061161,
        "250" : 0.000000,
        "500" : 0.000000,
        "750" : 0.000000,
        "1000" : 0.000000,
        "2000" : 0.000000,
        ">=2000" : 0.000000
      },
      "latency_depth" : 1,
      "latency_target" : 0,
      "latency_percentile" : 100.000000,
      "latency_window" : 0
    }
  ]
}
