{
  "fio version" : "fio-3.36",
  "timestamp" : 1750358570,
  "timestamp_ms" : 1750358570222,
  "time" : "Thu Jun 19 18:42:50 2025",
  "jobs" : [
    {
      "jobname" : "seq_sync_job",
      "groupid" : 0,
      "job_start" : 1750358510145,
      "error" : 0,
      "eta" : 0,
      "elapsed" : 61,
      "job options" : {
        "ioengine" : "psync",
        "sync" : "1",
        "rw" : "write",
        "numjobs" : "32",
        "filesize" : "500000000",
        "group_reporting" : "1",
        "thread" : "1",
        "direct" : "0",
        "fsync" : "1",
        "directory" : "/zfs-bench",
        "time_based" : "1",
        "runtime" : "60",
        "bs" : "1m",
        "filename_format" : "file$jobnum"
      },
      "read" : {
        "io_bytes" : 0,
        "io_kbytes" : 0,
        "bw_bytes" : 0,
        "bw" : 0,
        "iops" : 0.000000,
        "runtime" : 0,
        "total_ios" : 0,
        "short_ios" : 0,
        "drop_ios" : 0,
        "slat_ns" : {
          "min" : 0,
          "max" : 0,
          "mean" : 0.000000,
          "stddev" : 0.000000,
          "N" : 0
        },
        "clat_ns" : {
          "min" : 0,
          "max" : 0,
          "mean" : 0.000000,
          "stddev" : 0.000000,
          "N" : 0
        },
        "lat_ns" : {
          "min" : 0,
          "max" : 0,
          "mean" : 0.000000,
          "stddev" : 0.000000,
          "N" : 0
        },
        "bw_min" : 0,
        "bw_max" : 0,
        "bw_agg" : 0.000000,
        "bw_mean" : 0.000000,
        "bw_dev" : 0.000000,
        "bw_samples" : 0,
        "iops_min" : 0,
        "iops_max" : 0,
        "iops_mean" : 0.000000,
        "iops_stddev" : 0.000000,
        "iops_samples" : 0
      },
      "write" : {
        "io_bytes" : 44656754688,
        "io_kbytes" : 43610112,
        "bw_bytes" : 743510950,
        "bw" : 726084,
        "iops" : 709.067297,
        "runtime" : 60062,
        "total_ios" : 42588,
        "short_ios" : 0,
        "drop_ios" : 0,
        "slat_ns" : {
          "min" : 0,
          "max" : 0,
          "mean" : 0.000000,
          "stddev" : 0.000000,
          "N" : 0
        },
        "clat_ns" : {
          "min" : 11649545,
          "max" : 111120821,
          "mean" : 42039598.527449,
          "stddev" : 14019756.173941,
          "N" : 42588,
          "percentile" : {
            "1.000000" : 15007744,
            "5.000000" : 16908288,
            "10.000000" : 19005440,
            "20.000000" : 31326208,
            "30.000000" : 38535168,
            "40.000000" : 43253760,
            "50.000000" : 45350912,
            "60.000000" : 46399488,
            "70.000000" : 47448064,
            "80.000000" : 49020928,
            "90.000000" : 55836672,
            "95.000000" : 62652416,
            "99.000000" : 85458944,
            "99.500000" : 103284736,
            "99.900000" : 108527616,
            "99.950000" : 110624768,
            "99.990000" : 110624768
          }
        },
        "lat_ns" : {
          "min" : 11716423,
          "max" : 111317909,
          "mean" : 42168612.117780,
          "stddev" : 14019218.324624,
          "N" : 42588
        },
        "bw_min" : 571392,
        "bw_max" : 969046,
        "bw_agg" : 100.000000,
        "bw_mean" : 726333.175000,
        "bw_dev" : 2127.528484,
        "bw_samples" : 3840,
        "iops_min" : 558,
        "iops_max" : 946,
        "iops_mean" : 709.300000,
        "iops_stddev" : 2.076805,
        "iops_samples" : 3840
      },
      "trim" : {
        "io_bytes" : 0,
        "io_kbytes" : 0,
        "bw_bytes" : 0,
        "bw" : 0,
        "iops" : 0.000000,
        "runtime" : 0,
        "total_ios" : 0,
        "short_ios" : 0,
        "drop_ios" : 0,
        "slat_ns" : {
          "min" : 0,
          "max" : 0,
          "mean" : 0.000000,
          "stddev" : 0.000000,
          "N" : 0
        },
        "clat_ns" : {
          "min" : 0,
          "max" : 0,
          "mean" : 0.000000,
          "stddev" : 0.000000,
          "N" : 0
        },
        "lat_ns" : {
          "min" : 0,
          "max" : 0,
          "mean" : 0.000000,
          "stddev" : 0.000000,
          "N" : 0
        },
        "bw_min" : 0,
        "bw_max" : 0,
        "bw_agg" : 0.000000,
        "bw_mean" : 0.000000,
        "bw_dev" : 0.000000,
        "bw_samples" : 0,
        "iops_min" : 0,
        "iops_max" : 0,
        "iops_mean" : 0.000000,
        "iops_stddev" : 0.000000,
        "iops_samples" : 0
      },
      "sync" : {
        "total_ios" : 42622,
        "lat_ns" : {
          "min" : 4278,
          "max" : 109414977,
          "mean" : 2944846.852541,
          "stddev" : 10749233.620937,
          "N" : 42622,
          "percentile" : {
            "1.000000" : 10432,
            "5.000000" : 26240,
            "10.000000" : 37120,
            "20.000000" : 49920,
            "30.000000" : 62720,
            "40.000000" : 75264,
            "50.000000" : 89600,
            "60.000000" : 102912,
            "70.000000" : 117248,
            "80.000000" : 138240,
            "90.000000" : 651264,
            "95.000000" : 32374784,
            "99.000000" : 50069504,
            "99.500000" : 58982400,
            "99.900000" : 67633152,
            "99.950000" : 84410368,
            "99.990000" : 107479040
          }
        }
      },
      "job_runtime" : 1921897,
      "usr_cpu" : 0.324263,
      "sys_cpu" : 2.131904,
      "ctx" : 159961,
      "majf" : 0,
      "minf" : 0,
      "iodepth_level" : {
        "1" : 200.079835,
        "2" : 0.000000,
        "4" : 0.000000,
        "8" : 0.000000,
        "16" : 0.000000,
        "32" : 0.000000,
        ">=64" : 0.000000
      },
      "iodepth_submit" : {
        "0" : 0.000000,
        "4" : 100.000000,
        "8" : 0.000000,
        "16" : 0.000000,
        "32" : 0.000000,
        "64" : 0.000000,
        ">=64" : 0.000000
      },
      "iodepth_complete" : {
        "0" : 0.000000,
        "4" : 100.000000,
        "8" : 0.000000,
        "16" : 0.000000,
        "32" : 0.000000,
        "64" : 0.000000,
        ">=64" : 0.000000
      },
      "latency_ns" : {
        "2" : 0.000000,
        "4" : 0.000000,
        "10" : 0.000000,
        "20" : 0.000000,
        "50" : 0.000000,
        "100" : 0.000000,
        "250" : 0.000000,
        "500" : 0.000000,
        "750" : 0.000000,
        "1000" : 0.000000
      },
      "latency_us" : {
        "2" : 0.000000,
        "4" : 0.000000,
        "10" : 0.000000,
        "20" : 0.000000,
        "50" : 0.000000,
        "100" : 0.000000,
        "250" : 0.000000,
        "500" : 0.000000,
        "750" : 0.000000,
        "1000" : 0.000000
      },
      "latency_ms" : {
        "2" : 0.000000,
        "4" : 0.000000,
        "10" : 0.000000,
        "20" : 12.240537,
        "50" : 69.822485,
        "100" : 17.434489,
        "250" : 0.502489,
        "500" : 0.000000,
        "750" : 0.000000,
        "1000" : 0.000000,
        "2000" : 0.000000,
        ">=2000" : 0.000000
      },
      "latency_depth" : 1,
      "latency_target" : 0,
      "latency_percentile" : 100.000000,
      "latency_window" : 0
    }
  ]
}
