{
  "fio version" : "fio-3.36",
  "timestamp" : 1750786927,
  "timestamp_ms" : 1750786927577,
  "time" : "Tue Jun 24 17:42:07 2025",
  "jobs" : [
    {
      "jobname" : "seq_sync_job",
      "groupid" : 0,
      "job_start" : 1750786867562,
      "error" : 0,
      "eta" : 0,
      "elapsed" : 61,
      "job options" : {
        "ioengine" : "psync",
        "sync" : "1",
        "rw" : "write",
        "numjobs" : "16",
        "filesize" : "1000000000",
        "group_reporting" : "1",
        "thread" : "1",
        "direct" : "0",
        "fsync" : "1",
        "directory" : "/zfs-bench",
        "time_based" : "1",
        "runtime" : "60",
        "bs" : "8k",
        "filename_format" : "file$jobnum"
      },
      "read" : {
        "io_bytes" : 0,
        "io_kbytes" : 0,
        "bw_bytes" : 0,
        "bw" : 0,
        "iops" : 0.000000,
        "runtime" : 0,
        "total_ios" : 0,
        "short_ios" : 0,
        "drop_ios" : 0,
        "slat_ns" : {
          "min" : 0,
          "max" : 0,
          "mean" : 0.000000,
          "stddev" : 0.000000,
          "N" : 0
        },
        "clat_ns" : {
          "min" : 0,
          "max" : 0,
          "mean" : 0.000000,
          "stddev" : 0.000000,
          "N" : 0
        },
        "lat_ns" : {
          "min" : 0,
          "max" : 0,
          "mean" : 0.000000,
          "stddev" : 0.000000,
          "N" : 0
        },
        "bw_min" : 0,
        "bw_max" : 0,
        "bw_agg" : 0.000000,
        "bw_mean" : 0.000000,
        "bw_dev" : 0.000000,
        "bw_samples" : 0,
        "iops_min" : 0,
        "iops_max" : 0,
        "iops_mean" : 0.000000,
        "iops_stddev" : 0.000000,
        "iops_samples" : 0
      },
      "write" : {
        "io_bytes" : 2094759936,
        "io_kbytes" : 2045664,
        "bw_bytes" : 34910920,
        "bw" : 34092,
        "iops" : 4261.586921,
        "runtime" : 60003,
        "total_ios" : 255708,
        "short_ios" : 0,
        "drop_ios" : 0,
        "slat_ns" : {
          "min" : 0,
          "max" : 0,
          "mean" : 0.000000,
          "stddev" : 0.000000,
          "N" : 0
        },
        "clat_ns" : {
          "min" : 1239776,
          "max" : 33726709,
          "mean" : 2225604.272170,
          "stddev" : 768688.312310,
          "N" : 255708,
          "percentile" : {
            "1.000000" : 1581056,
            "5.000000" : 1695744,
            "10.000000" : 1777664,
            "20.000000" : 1892352,
            "30.000000" : 1974272,
            "40.000000" : 2039808,
            "50.000000" : 2113536,
            "60.000000" : 2179072,
            "70.000000" : 2244608,
            "80.000000" : 2375680,
            "90.000000" : 2637824,
            "95.000000" : 2867200,
            "99.000000" : 5275648,
            "99.500000" : 6848512,
            "99.900000" : 9764864,
            "99.950000" : 12255232,
            "99.990000" : 31588352
          }
        },
        "lat_ns" : {
          "min" : 1239897,
          "max" : 33727700,
          "mean" : 2225791.710482,
          "stddev" : 768691.729484,
          "N" : 255708
        },
        "bw_min" : 29344,
        "bw_max" : 38320,
        "bw_agg" : 100.000000,
        "bw_mean" : 34102.991597,
        "bw_dev" : 118.742131,
        "bw_samples" : 1904,
        "iops_min" : 3668,
        "iops_max" : 4790,
        "iops_mean" : 4262.873950,
        "iops_stddev" : 14.842766,
        "iops_samples" : 1904
      },
      "trim" : {
        "io_bytes" : 0,
        "io_kbytes" : 0,
        "bw_bytes" : 0,
        "bw" : 0,
        "iops" : 0.000000,
        "runtime" : 0,
        "total_ios" : 0,
        "short_ios" : 0,
        "drop_ios" : 0,
        "slat_ns" : {
          "min" : 0,
          "max" : 0,
          "mean" : 0.000000,
          "stddev" : 0.000000,
          "N" : 0
        },
        "clat_ns" : {
          "min" : 0,
          "max" : 0,
          "mean" : 0.000000,
          "stddev" : 0.000000,
          "N" : 0
        },
        "lat_ns" : {
          "min" : 0,
          "max" : 0,
          "mean" : 0.000000,
          "stddev" : 0.000000,
          "N" : 0
        },
        "bw_min" : 0,
        "bw_max" : 0,
        "bw_agg" : 0.000000,
        "bw_mean" : 0.000000,
        "bw_dev" : 0.000000,
        "bw_samples" : 0,
        "iops_min" : 0,
        "iops_max" : 0,
        "iops_mean" : 0.000000,
        "iops_stddev" : 0.000000,
        "iops_samples" : 0
      },
      "sync" : {
        "total_ios" : 255698,
        "lat_ns" : {
          "min" : 4008,
          "max" : 33404613,
          "mean" : 1527014.528999,
          "stddev" : 1115078.404443,
          "N" : 255698,
          "percentile" : {
            "1.000000" : 20864,
            "5.000000" : 27776,
            "10.000000" : 32128,
            "20.000000" : 39168,
            "30.000000" : 1515520,
            "40.000000" : 1744896,
            "50.000000" : 1875968,
            "60.000000" : 1990656,
            "70.000000" : 2088960,
            "80.000000" : 2211840,
            "90.000000" : 2441216,
            "95.000000" : 2703360,
            "99.000000" : 4358144,
            "99.500000" : 5603328,
            "99.900000" : 8716288,
            "99.950000" : 10158080,
            "99.990000" : 19005440
          }
        }
      },
      "job_runtime" : 960019,
      "usr_cpu" : 0.106040,
      "sys_cpu" : 2.463597,
      "ctx" : 877798,
      "majf" : 0,
      "minf" : 0,
      "iodepth_level" : {
        "1" : 199.996089,
        "2" : 0.000000,
        "4" : 0.000000,
        "8" : 0.000000,
        "16" : 0.000000,
        "32" : 0.000000,
        ">=64" : 0.000000
      },
      "iodepth_submit" : {
        "0" : 0.000000,
        "4" : 100.000000,
        "8" : 0.000000,
        "16" : 0.000000,
        "32" : 0.000000,
        "64" : 0.000000,
        ">=64" : 0.000000
      },
      "iodepth_complete" : {
        "0" : 0.000000,
        "4" : 100.000000,
        "8" : 0.000000,
        "16" : 0.000000,
        "32" : 0.000000,
        "64" : 0.000000,
        ">=64" : 0.000000
      },
      "latency_ns" : {
        "2" : 0.000000,
        "4" : 0.000000,
        "10" : 0.000000,
        "20" : 0.000000,
        "50" : 0.000000,
        "100" : 0.000000,
        "250" : 0.000000,
        "500" : 0.000000,
        "750" : 0.000000,
        "1000" : 0.000000
      },
      "latency_us" : {
        "2" : 0.000000,
        "4" : 0.000000,
        "10" : 0.000000,
        "20" : 0.000000,
        "50" : 0.000000,
        "100" : 0.000000,
        "250" : 0.000000,
        "500" : 0.000000,
        "750" : 0.000000,
        "1000" : 0.000000
      },
      "latency_ms" : {
        "2" : 33.026343,
        "4" : 65.082047,
        "10" : 1.799318,
        "20" : 0.073912,
        "50" : 0.018380,
        "100" : 0.000000,
        "250" : 0.000000,
        "500" : 0.000000,
        "750" : 0.000000,
        "1000" : 0.000000,
        "2000" : 0.000000,
        ">=2000" : 0.000000
      },
      "latency_depth" : 1,
      "latency_target" : 0,
      "latency_percentile" : 100.000000,
      "latency_window" : 0
    }
  ]
}
