{
  "fio version" : "fio-3.36",
  "timestamp" : 1750786470,
  "timestamp_ms" : 1750786470420,
  "time" : "Tue Jun 24 17:34:30 2025",
  "jobs" : [
    {
      "jobname" : "seq_sync_job",
      "groupid" : 0,
      "job_start" : 1750786410402,
      "error" : 0,
      "eta" : 0,
      "elapsed" : 61,
      "job options" : {
        "ioengine" : "psync",
        "sync" : "1",
        "rw" : "write",
        "numjobs" : "16",
        "filesize" : "1000000000",
        "group_reporting" : "1",
        "thread" : "1",
        "direct" : "0",
        "fsync" : "1",
        "directory" : "/ext4-bench",
        "time_based" : "1",
        "runtime" : "60",
        "bs" : "8k",
        "filename_format" : "file$jobnum"
      },
      "read" : {
        "io_bytes" : 0,
        "io_kbytes" : 0,
        "bw_bytes" : 0,
        "bw" : 0,
        "iops" : 0.000000,
        "runtime" : 0,
        "total_ios" : 0,
        "short_ios" : 0,
        "drop_ios" : 0,
        "slat_ns" : {
          "min" : 0,
          "max" : 0,
          "mean" : 0.000000,
          "stddev" : 0.000000,
          "N" : 0
        },
        "clat_ns" : {
          "min" : 0,
          "max" : 0,
          "mean" : 0.000000,
          "stddev" : 0.000000,
          "N" : 0
        },
        "lat_ns" : {
          "min" : 0,
          "max" : 0,
          "mean" : 0.000000,
          "stddev" : 0.000000,
          "N" : 0
        },
        "bw_min" : 0,
        "bw_max" : 0,
        "bw_agg" : 0.000000,
        "bw_mean" : 0.000000,
        "bw_dev" : 0.000000,
        "bw_samples" : 0,
        "iops_min" : 0,
        "iops_max" : 0,
        "iops_mean" : 0.000000,
        "iops_stddev" : 0.000000,
        "iops_samples" : 0
      },
      "write" : {
        "io_bytes" : 1166286848,
        "io_kbytes" : 1138952,
        "bw_bytes" : 19436170,
        "bw" : 18980,
        "iops" : 2372.579409,
        "runtime" : 60006,
        "total_ios" : 142369,
        "short_ios" : 0,
        "drop_ios" : 0,
        "slat_ns" : {
          "min" : 0,
          "max" : 0,
          "mean" : 0.000000,
          "stddev" : 0.000000,
          "N" : 0
        },
        "clat_ns" : {
          "min" : 3366579,
          "max" : 57341534,
          "mean" : 6702140.472961,
          "stddev" : 2138395.591848,
          "N" : 142369,
          "percentile" : {
            "1.000000" : 4489216,
            "5.000000" : 4751360,
            "10.000000" : 4882432,
            "20.000000" : 5144576,
            "30.000000" : 5341184,
            "40.000000" : 5537792,
            "50.000000" : 5865472,
            "60.000000" : 6914048,
            "70.000000" : 7503872,
            "80.000000" : 7962624,
            "90.000000" : 8978432,
            "95.000000" : 10420224,
            "99.000000" : 14352384,
            "99.500000" : 15925248,
            "99.900000" : 21102592,
            "99.950000" : 24248320,
            "99.990000" : 56885248
          }
        },
        "lat_ns" : {
          "min" : 3367080,
          "max" : 57342115,
          "mean" : 6702417.735027,
          "stddev" : 2138392.396304,
          "N" : 142369
        },
        "bw_min" : 15552,
        "bw_max" : 21520,
        "bw_agg" : 100.000000,
        "bw_mean" : 18997.915966,
        "bw_dev" : 67.350664,
        "bw_samples" : 1904,
        "iops_min" : 1944,
        "iops_max" : 2690,
        "iops_mean" : 2374.739496,
        "iops_stddev" : 8.418833,
        "iops_samples" : 1904
      },
      "trim" : {
        "io_bytes" : 0,
        "io_kbytes" : 0,
        "bw_bytes" : 0,
        "bw" : 0,
        "iops" : 0.000000,
        "runtime" : 0,
        "total_ios" : 0,
        "short_ios" : 0,
        "drop_ios" : 0,
        "slat_ns" : {
          "min" : 0,
          "max" : 0,
          "mean" : 0.000000,
          "stddev" : 0.000000,
          "N" : 0
        },
        "clat_ns" : {
          "min" : 0,
          "max" : 0,
          "mean" : 0.000000,
          "stddev" : 0.000000,
          "N" : 0
        },
        "lat_ns" : {
          "min" : 0,
          "max" : 0,
          "mean" : 0.000000,
          "stddev" : 0.000000,
          "N" : 0
        },
        "bw_min" : 0,
        "bw_max" : 0,
        "bw_agg" : 0.000000,
        "bw_mean" : 0.000000,
        "bw_dev" : 0.000000,
        "bw_samples" : 0,
        "iops_min" : 0,
        "iops_max" : 0,
        "iops_mean" : 0.000000,
        "iops_stddev" : 0.000000,
        "iops_samples" : 0
      },
      "sync" : {
        "total_ios" : 142353,
        "lat_ns" : {
          "min" : 6652,
          "max" : 179905,
          "mean" : 38057.931024,
          "stddev" : 15321.551997,
          "N" : 142353,
          "percentile" : {
            "1.000000" : 12736,
            "5.000000" : 16512,
            "10.000000" : 19840,
            "20.000000" : 24448,
            "30.000000" : 28800,
            "40.000000" : 32640,
            "50.000000" : 36096,
            "60.000000" : 40192,
            "70.000000" : 44800,
            "80.000000" : 50432,
            "90.000000" : 58112,
            "95.000000" : 65280,
            "99.000000" : 83456,
            "99.500000" : 90624,
            "99.900000" : 105984,
            "99.950000" : 112128,
            "99.990000" : 128512
          }
        }
      },
      "job_runtime" : 960050,
      "usr_cpu" : 0.097182,
      "sys_cpu" : 1.501172,
      "ctx" : 673352,
      "majf" : 0,
      "minf" : 0,
      "iodepth_level" : {
        "1" : 199.988762,
        "2" : 0.000000,
        "4" : 0.000000,
        "8" : 0.000000,
        "16" : 0.000000,
        "32" : 0.000000,
        ">=64" : 0.000000
      },
      "iodepth_submit" : {
        "0" : 0.000000,
        "4" : 100.000000,
        "8" : 0.000000,
        "16" : 0.000000,
        "32" : 0.000000,
        "64" : 0.000000,
        ">=64" : 0.000000
      },
      "iodepth_complete" : {
        "0" : 0.000000,
        "4" : 100.000000,
        "8" : 0.000000,
        "16" : 0.000000,
        "32" : 0.000000,
        "64" : 0.000000,
        ">=64" : 0.000000
      },
      "latency_ns" : {
        "2" : 0.000000,
        "4" : 0.000000,
        "10" : 0.000000,
        "20" : 0.000000,
        "50" : 0.000000,
        "100" : 0.000000,
        "250" : 0.000000,
        "500" : 0.000000,
        "750" : 0.000000,
        "1000" : 0.000000
      },
      "latency_us" : {
        "2" : 0.000000,
        "4" : 0.000000,
        "10" : 0.000000,
        "20" : 0.000000,
        "50" : 0.000000,
        "100" : 0.000000,
        "250" : 0.000000,
        "500" : 0.000000,
        "750" : 0.000000,
        "1000" : 0.000000
      },
      "latency_ms" : {
        "2" : 0.000000,
        "4" : 0.040739,
        "10" : 93.713519,
        "20" : 6.122822,
        "50" : 0.110979,
        "100" : 0.011941,
        "250" : 0.000000,
        "500" : 0.000000,
        "750" : 0.000000,
        "1000" : 0.000000,
        "2000" : 0.000000,
        ">=2000" : 0.000000
      },
      "latency_depth" : 1,
      "latency_target" : 0,
      "latency_percentile" : 100.000000,
      "latency_window" : 0
    }
  ],
  "disk_util" : [
    {
      "name" : "md0",
      "read_ios" : 40,
      "write_ios" : 421034,
      "read_sectors" : 320,
      "write_sectors" : 7601240,
      "read_merges" : 0,
      "write_merges" : 0,
      "read_ticks" : 24,
      "write_ticks" : 578774,
      "in_queue" : 578798,
      "util" : 98.429730,
      "aggr_read_ios" : 13,
      "aggr_write_ios" : 63841,
      "aggr_read_sectors" : 106,
      "aggr_write_sectors" : 2537040,
      "aggr_read_merges" : 0,
      "aggr_write_merge" : 76808,
      "aggr_read_ticks" : 18,
      "aggr_write_ticks" : 91446,
      "aggr_in_queue" : 91465,
      "aggr_util" : 66.410867
    },
    {
      "name" : "sdb",
      "read_ios" : 13,
      "write_ios" : 63730,
      "read_sectors" : 104,
      "write_sectors" : 2536376,
      "read_merges" : 0,
      "write_merges" : 76847,