{
  "fio version" : "fio-3.36",
  "timestamp" : 1750786635,
  "timestamp_ms" : 1750786635039,
  "time" : "Tue Jun 24 17:37:15 2025",
  "jobs" : [
    {
      "jobname" : "seq_sync_job",
      "groupid" : 0,
      "job_start" : 1750786575016,
      "error" : 0,
      "eta" : 0,
      "elapsed" : 61,
      "job options" : {
        "ioengine" : "psync",
        "sync" : "1",
        "rw" : "write",
        "numjobs" : "32",
        "filesize" : "500000000",
        "group_reporting" : "1",
        "thread" : "1",
        "direct" : "0",
        "fsync" : "1",
        "directory" : "/ext4-bench",
        "time_based" : "1",
        "runtime" : "60",
        "bs" : "8k",
        "filename_format" : "file$jobnum"
      },
      "read" : {
        "io_bytes" : 0,
        "io_kbytes" : 0,
        "bw_bytes" : 0,
        "bw" : 0,
        "iops" : 0.000000,
        "runtime" : 0,
        "total_ios" : 0,
        "short_ios" : 0,
        "drop_ios" : 0,
        "slat_ns" : {
          "min" : 0,
          "max" : 0,
          "mean" : 0.000000,
          "stddev" : 0.000000,
          "N" : 0
        },
        "clat_ns" : {
          "min" : 0,
          "max" : 0,
          "mean" : 0.000000,
          "stddev" : 0.000000,
          "N" : 0
        },
        "lat_ns" : {
          "min" : 0,
          "max" : 0,
          "mean" : 0.000000,
          "stddev" : 0.000000,
          "N" : 0
        },
        "bw_min" : 0,
        "bw_max" : 0,
        "bw_agg" : 0.000000,
        "bw_mean" : 0.000000,
        "bw_dev" : 0.000000,
        "bw_samples" : 0,
        "iops_min" : 0,
        "iops_max" : 0,
        "iops_mean" : 0.000000,
        "iops_stddev" : 0.000000,
        "iops_samples" : 0
      },
      "write" : {
        "io_bytes" : 2111651840,
        "io_kbytes" : 2062160,
        "bw_bytes" : 35188918,
        "bw" : 34364,
        "iops" : 4295.522338,
        "runtime" : 60009,
        "total_ios" : 257770,
        "short_ios" : 0,
        "drop_ios" : 0,
        "slat_ns" : {
          "min" : 0,
          "max" : 0,
          "mean" : 0.000000,
          "stddev" : 0.000000,
          "N" : 0
        },
        "clat_ns" : {
          "min" : 3698255,
          "max" : 65652668,
          "mean" : 7374484.272266,
          "stddev" : 2473108.816361,
          "N" : 257770,
          "percentile" : {
            "1.000000" : 4947968,
            "5.000000" : 5210112,
            "10.000000" : 5341184,
            "20.000000" : 5603328,
            "30.000000" : 5799936,
            "40.000000" : 5996544,
            "50.000000" : 6455296,
            "60.000000" : 7569408,
            "70.000000" : 8224768,
            "80.000000" : 8716288,
            "90.000000" : 10027008,
            "95.000000" : 11730944,
            "99.000000" : 16187392,
            "99.500000" : 18481152,
            "99.900000" : 24772608,
            "99.950000" : 28704768,
            "99.990000" : 62128128
          }
        },
        "lat_ns" : {
          "min" : 3698997,
          "max" : 65652989,
          "mean" : 7374835.579105,
          "stddev" : 2473106.917132,
          "N" : 257770
        },
        "bw_min" : 29712,
        "bw_max" : 39184,
        "bw_agg" : 100.000000,
        "bw_mean" : 34377.159664,
        "bw_dev" : 59.546953,
        "bw_samples" : 3808,
        "iops_min" : 3714,
        "iops_max" : 4898,
        "iops_mean" : 4297.126050,
        "iops_stddev" : 7.444002,
        "iops_samples" : 3808
      },
      "trim" : {
        "io_bytes" : 0,
        "io_kbytes" : 0,
        "bw_bytes" : 0,
        "bw" : 0,
        "iops" : 0.000000,
        "runtime" : 0,
        "total_ios" : 0,
        "short_ios" : 0,
        "drop_ios" : 0,
        "slat_ns" : {
          "min" : 0,
          "max" : 0,
          "mean" : 0.000000,
          "stddev" : 0.000000,
          "N" : 0
        },
        "clat_ns" : {
          "min" : 0,
          "max" : 0,
          "mean" : 0.000000,
          "stddev" : 0.000000,
          "N" : 0
        },
        "lat_ns" : {
          "min" : 0,
          "max" : 0,
          "mean" : 0.000000,
          "stddev" : 0.000000,
          "N" : 0
        },
        "bw_min" : 0,
        "bw_max" : 0,
        "bw_agg" : 0.000000,
        "bw_mean" : 0.000000,
        "bw_dev" : 0.000000,
        "bw_samples" : 0,
        "iops_min" : 0,
        "iops_max" : 0,
        "iops_mean" : 0.000000,
        "iops_stddev" : 0.000000,
        "iops_samples" : 0
      },
      "sync" : {
        "total_ios" : 257738,
        "lat_ns" : {
          "min" : 6562,
          "max" : 280132,
          "mean" : 71301.800996,
          "stddev" : 28524.616310,
          "N" : 257738,
          "percentile" : {
            "1.000000" : 18816,
            "5.000000" : 28800,
            "10.000000" : 35584,
            "20.000000" : 45312,
            "30.000000" : 53504,
            "40.000000" : 61184,
            "50.000000" : 69120,
            "60.000000" : 77312,
            "70.000000" : 85504,
            "80.000000" : 95744,
            "90.000000" : 110080,
            "95.000000" : 121344,
            "99.000000" : 142336,
            "99.500000" : 152576,
            "99.900000" : 173056,
            "99.950000" : 181248,
            "99.990000" : 214016
          }
        }
      },
      "job_runtime" : 1920169,
      "usr_cpu" : 0.088117,
      "sys_cpu" : 2.453690,
      "ctx" : 1230549,
      "majf" : 0,
      "minf" : 0,
      "iodepth_level" : {
        "1" : 199.987586,
        "2" : 0.000000,
        "4" : 0.000000,
        "8" : 0.000000,
        "16" : 0.000000,
        "32" : 0.000000,
        ">=64" : 0.000000
      },
      "iodepth_submit" : {
        "0" : 0.000000,
        "4" : 100.000000,
        "8" : 0.000000,
        "16" : 0.000000,
        "32" : 0.000000,
        "64" : 0.000000,
        ">=64" : 0.000000
      },
      "iodepth_complete" : {
        "0" : 0.000000,
        "4" : 100.000000,
        "8" : 0.000000,
        "16" : 0.000000,
        "32" : 0.000000,
        "64" : 0.000000,
        ">=64" : 0.000000
      },
      "latency_ns" : {
        "2" : 0.000000,
        "4" : 0.000000,
        "10" : 0.000000,
        "20" : 0.000000,
        "50" : 0.000000,
        "100" : 0.000000,
        "250" : 0.000000,
        "500" : 0.000000,
        "750" : 0.000000,
        "1000" : 0.000000
      },
      "latency_us" : {
        "2" : 0.000000,
        "4" : 0.000000,
        "10" : 0.000000,
        "20" : 0.000000,
        "50" : 0.000000,
        "100" : 0.000000,
        "250" : 0.000000,
        "500" : 0.000000,
        "750" : 0.000000,
        "1000" : 0.000000
      },
      "latency_ms" : {
        "2" : 0.000000,
        "4" : 0.010000,
        "10" : 90.099701,
        "20" : 9.549598,
        "50" : 0.335183,
        "100" : 0.014742,
        "250" : 0.000000,
        "500" : 0.000000,
        "750" : 0.000000,
        "1000" : 0.000000,
        "2000" : 0.000000,
        ">=2000" : 0.000000
      },
      "latency_depth" : 1,
      "latency_target" : 0,
      "latency_percentile" : 100.000000,
      "latency_window" : 0
    }
  ],
  "disk_util" : [
    {
      "name" : "md0",
      "read_ios" : 40,
      "write_ios" : 683423,
      "read_sectors" : 320,
      "write_sectors" : 10621184,
      "read_merges" : 0,
      "write_merges" : 0,
      "read_ticks" : 32,
      "write_ticks" : 1021313,
      "in_queue" : 1021345,
      "util" : 98.238062,
      "aggr_read_ios" : 13,
      "aggr_write_ios" : 101333,
      "aggr_read_sectors" : 106,
      "aggr_write_sectors" : 3546554,
      "aggr_read_merges" : 0,
      "aggr_write_merge" : 127039,
      "aggr_read_ticks" : 18,
      "aggr_write_ticks" : 156202,
      "aggr_in_queue" : 156221,
      "aggr_util" : 72.023166
    },
    {
      "name" : "sdb",
      "read_ios" : 13,
      "write_ios" : 101512,
      "read_sectors" : 104,
      "write_sectors" : 3548280,
      "read_merges" : 0,
      "write_merges" : 126911,