{
  "fio version" : "fio-3.36",
  "timestamp" : 1750788085,
  "timestamp_ms" : 1750788085032,
  "time" : "Tue Jun 24 18:01:25 2025",
  "jobs" : [
    {
      "jobname" : "seq_sync_job",
      "groupid" : 0,
      "job_start" : 1750788024980,
      "error" : 0,
      "eta" : 0,
      "elapsed" : 61,
      "job options" : {
        "ioengine" : "psync",
        "sync" : "1",
        "rw" : "write",
        "numjobs" : "32",
        "filesize" : "500000000",
        "group_reporting" : "1",
        "thread" : "1",
        "direct" : "0",
        "fsync" : "1",
        "directory" : "/shielded-zfs-bench",
        "time_based" : "1",
        "runtime" : "60",
        "bs" : "8k",
        "filename_format" : "file$jobnum"
      },
      "read" : {
        "io_bytes" : 0,
        "io_kbytes" : 0,
        "bw_bytes" : 0,
        "bw" : 0,
        "iops" : 0.000000,
        "runtime" : 0,
        "total_ios" : 0,
        "short_ios" : 0,
        "drop_ios" : 0,
        "slat_ns" : {
          "min" : 0,
          "max" : 0,
          "mean" : 0.000000,
          "stddev" : 0.000000,
          "N" : 0
        },
        "clat_ns" : {
          "min" : 0,
          "max" : 0,
          "mean" : 0.000000,
          "stddev" : 0.000000,
          "N" : 0
        },
        "lat_ns" : {
          "min" : 0,
          "max" : 0,
          "mean" : 0.000000,
          "stddev" : 0.000000,
          "N" : 0
        },
        "bw_min" : 0,
        "bw_max" : 0,
        "bw_agg" : 0.000000,
        "bw_mean" : 0.000000,
        "bw_dev" : 0.000000,
        "bw_samples" : 0,
        "iops_min" : 0,
        "iops_max" : 0,
        "iops_mean" : 0.000000,
        "iops_stddev" : 0.000000,
        "iops_samples" : 0
      },
      "write" : {
        "io_bytes" : 2553110528,
        "io_kbytes" : 2493272,
        "bw_bytes" : 42526326,
        "bw" : 41529,
        "iops" : 5191.201945,
        "runtime" : 60036,
        "total_ios" : 311659,
        "short_ios" : 0,
        "drop_ios" : 0,
        "slat_ns" : {
          "min" : 0,
          "max" : 0,
          "mean" : 0.000000,
          "stddev" : 0.000000,
          "N" : 0
        },
        "clat_ns" : {
          "min" : 1334631,
          "max" : 138844534,
          "mean" : 3362401.696158,
          "stddev" : 2666964.383037,
          "N" : 311659,
          "percentile" : {
            "1.000000" : 1892352,
            "5.000000" : 2244608,
            "10.000000" : 2441216,
            "20.000000" : 2637824,
            "30.000000" : 2768896,
            "40.000000" : 2899968,
            "50.000000" : 2998272,
            "60.000000" : 3129344,
            "70.000000" : 3260416,
            "80.000000" : 3457024,
            "90.000000" : 3817472,
            "95.000000" : 4947968,
            "99.000000" : 12910592,
            "99.500000" : 19529728,
            "99.900000" : 30015488,
            "99.950000" : 31588352,
            "99.990000" : 109576192
          }
        },
        "lat_ns" : {
          "min" : 1334961,
          "max" : 138844924,
          "mean" : 3362620.459127,
          "stddev" : 2666968.932922,
          "N" : 311659
        },
        "bw_min" : 30848,
        "bw_max" : 49808,
        "bw_agg" : 100.000000,
        "bw_mean" : 41552.533333,
        "bw_dev" : 115.533585,
        "bw_samples" : 3840,
        "iops_min" : 3856,
        "iops_max" : 6226,
        "iops_mean" : 5194.066667,
        "iops_stddev" : 14.441698,
        "iops_samples" : 3840
      },
      "trim" : {
        "io_bytes" : 0,
        "io_kbytes" : 0,
        "bw_bytes" : 0,
        "bw" : 0,
        "iops" : 0.000000,
        "runtime" : 0,
        "total_ios" : 0,
        "short_ios" : 0,
        "drop_ios" : 0,
        "slat_ns" : {
          "min" : 0,
          "max" : 0,
          "mean" : 0.000000,
          "stddev" : 0.000000,
          "N" : 0
        },
        "clat_ns" : {
          "min" : 0,
          "max" : 0,
          "mean" : 0.000000,
          "stddev" : 0.000000,
          "N" : 0
        },
        "lat_ns" : {
          "min" : 0,
          "max" : 0,
          "mean" : 0.000000,
          "stddev" : 0.000000,
          "N" : 0
        },
        "bw_min" : 0,
        "bw_max" : 0,
        "bw_agg" : 0.000000,
        "bw_mean" : 0.000000,
        "bw_dev" : 0.000000,
        "bw_samples" : 0,
        "iops_min" : 0,
        "iops_max" : 0,
        "iops_mean" : 0.000000,
        "iops_stddev" : 0.000000,
        "iops_samples" : 0
      },
      "sync" : {
        "total_ios" : 311644,
        "lat_ns" : {
          "min" : 16851,
          "max" : 134434481,
          "mean" : 2799678.091014,
          "stddev" : 2365172.636590,
          "N" : 311644,
          "percentile" : {
            "1.000000" : 111104,
            "5.000000" : 226304,
            "10.000000" : 374784,
            "20.000000" : 1957888,
            "30.000000" : 2473984,
            "40.000000" : 2703360,
            "50.000000" : 2834432,
            "60.000000" : 2965504,
            "70.000000" : 3129344,
            "80.000000" : 3325952,
            "90.000000" : 3653632,
            "95.000000" : 4227072,
            "99.000000" : 10551296,
            "99.500000" : 17432576,
            "99.900000" : 28180480,
            "99.950000" : 30539776,
            "99.990000" : 33423360
          }
        }
      },
      "job_runtime" : 1921094,
      "usr_cpu" : 0.064859,
      "sys_cpu" : 7.464965,
      "ctx" : 1054008,
      "majf" : 0,
      "minf" : 0,
      "iodepth_level" : {
        "1" : 199.995187,
        "2" : 0.000000,
        "4" : 0.000000,
        "8" : 0.000000,
        "16" : 0.000000,
        "32" : 0.000000,
        ">=64" : 0.000000
      },
      "iodepth_submit" : {
        "0" : 0.000000,
        "4" : 100.000000,
        "8" : 0.000000,
        "16" : 0.000000,
        "32" : 0.000000,
        "64" : 0.000000,
        ">=64" : 0.000000
      },
      "iodepth_complete" : {
        "0" : 0.000000,
        "4" : 100.000000,
        "8" : 0.000000,
        "16" : 0.000000,
        "32" : 0.000000,
        "64" : 0.000000,
        ">=64" : 0.000000
      },
      "latency_ns" : {
        "2" : 0.000000,
        "4" : 0.000000,
        "10" : 0.000000,
        "20" : 0.000000,
        "50" : 0.000000,
        "100" : 0.000000,
        "250" : 0.000000,
        "500" : 0.000000,
        "750" : 0.000000,
        "1000" : 0.000000
      },
      "latency_us" : {
        "2" : 0.000000,
        "4" : 0.000000,
        "10" : 0.000000,
        "20" : 0.000000,
        "50" : 0.000000,
        "100" : 0.000000,
        "250" : 0.000000,
        "500" : 0.000000,
        "750" : 0.000000,
        "1000" : 0.000000
      },
      "latency_ms" : {
        "2" : 1.842719,
        "4" : 90.382116,
        "10" : 6.394810,
        "20" : 0.891680,
        "50" : 0.467498,
        "100" : 0.000000,
        "250" : 0.021177,
        "500" : 0.000000,
        "750" : 0.000000,
        "1000" : 0.000000,
        "2000" : 0.000000,
        ">=2000" : 0.000000
      },
      "latency_depth" : 1,
      "latency_target" : 0,
      "latency_percentile" : 100.000000,
      "latency_window" : 0
    }
  ]
}
