{
  "fio version" : "fio-3.36",
  "timestamp" : 1750787102,
  "timestamp_ms" : 1750787102296,
  "time" : "Tue Jun 24 17:45:02 2025",
  "jobs" : [
    {
      "jobname" : "seq_sync_job",
      "groupid" : 0,
      "job_start" : 1750787042261,
      "error" : 0,
      "eta" : 0,
      "elapsed" : 61,
      "job options" : {
        "ioengine" : "psync",
        "sync" : "1",
        "rw" : "write",
        "numjobs" : "16",
        "filesize" : "1000000000",
        "group_reporting" : "1",
        "thread" : "1",
        "direct" : "0",
        "fsync" : "1",
        "directory" : "/zfs-bench",
        "time_based" : "1",
        "runtime" : "60",
        "bs" : "1m",
        "filename_format" : "file$jobnum"
      },
      "read" : {
        "io_bytes" : 0,
        "io_kbytes" : 0,
        "bw_bytes" : 0,
        "bw" : 0,
        "iops" : 0.000000,
        "runtime" : 0,
        "total_ios" : 0,
        "short_ios" : 0,
        "drop_ios" : 0,
        "slat_ns" : {
          "min" : 0,
          "max" : 0,
          "mean" : 0.000000,
          "stddev" : 0.000000,
          "N" : 0
        },
        "clat_ns" : {
          "min" : 0,
          "max" : 0,
          "mean" : 0.000000,
          "stddev" : 0.000000,
          "N" : 0
        },
        "lat_ns" : {
          "min" : 0,
          "max" : 0,
          "mean" : 0.000000,
          "stddev" : 0.000000,
          "N" : 0
        },
        "bw_min" : 0,
        "bw_max" : 0,
        "bw_agg" : 0.000000,
        "bw_mean" : 0.000000,
        "bw_dev" : 0.000000,
        "bw_samples" : 0,
        "iops_min" : 0,
        "iops_max" : 0,
        "iops_mean" : 0.000000,
        "iops_stddev" : 0.000000,
        "iops_samples" : 0
      },
      "write" : {
        "io_bytes" : 45166362624,
        "io_kbytes" : 44107776,
        "bw_bytes" : 752584564,
        "bw" : 734945,
        "iops" : 717.720570,
        "runtime" : 60015,
        "total_ios" : 43074,
        "short_ios" : 0,
        "drop_ios" : 0,
        "slat_ns" : {
          "min" : 0,
          "max" : 0,
          "mean" : 0.000000,
          "stddev" : 0.000000,
          "N" : 0
        },
        "clat_ns" : {
          "min" : 7718930,
          "max" : 74979274,
          "mean" : 22142793.655662,
          "stddev" : 11730066.087815,
          "N" : 43074,
          "percentile" : {
            "1.000000" : 10289152,
            "5.000000" : 10682368,
            "10.000000" : 10944512,
            "20.000000" : 11468800,
            "30.000000" : 12517376,
            "40.000000" : 13828096,
            "50.000000" : 15925248,
            "60.000000" : 23986176,
            "70.000000" : 30801920,
            "80.000000" : 34340864,
            "90.000000" : 37486592,
            "95.000000" : 43778048,
            "99.000000" : 52166656,
            "99.500000" : 52690944,
            "99.900000" : 61079552,
            "99.950000" : 61603840,
            "99.990000" : 74973184
          }
        },
        "lat_ns" : {
          "min" : 7763298,
          "max" : 75044849,
          "mean" : 22213161.489274,
          "stddev" : 11728273.251284,
          "N" : 43074
        },
        "bw_min" : 647168,
        "bw_max" : 1015808,
        "bw_agg" : 100.000000,
        "bw_mean" : 734975.915966,
        "bw_dev" : 2865.021510,
        "bw_samples" : 1904,
        "iops_min" : 632,
        "iops_max" : 992,
        "iops_mean" : 717.722689,
        "iops_stddev" : 2.788916,
        "iops_samples" : 1904
      },
      "trim" : {
        "io_bytes" : 0,
        "io_kbytes" : 0,
        "bw_bytes" : 0,
        "bw" : 0,
        "iops" : 0.000000,
        "runtime" : 0,
        "total_ios" : 0,
        "short_ios" : 0,
        "drop_ios" : 0,
        "slat_ns" : {
          "min" : 0,
          "max" : 0,
          "mean" : 0.000000,
          "stddev" : 0.000000,
          "N" : 0
        },
        "clat_ns" : {
          "min" : 0,
          "max" : 0,
          "mean" : 0.000000,
          "stddev" : 0.000000,
          "N" : 0
        },
        "lat_ns" : {
          "min" : 0,
          "max" : 0,
          "mean" : 0.000000,
          "stddev" : 0.000000,
          "N" : 0
        },
        "bw_min" : 0,
        "bw_max" : 0,
        "bw_agg" : 0.000000,
        "bw_mean" : 0.000000,
        "bw_dev" : 0.000000,
        "bw_samples" : 0,
        "iops_min" : 0,
        "iops_max" : 0,
        "iops_mean" : 0.000000,
        "iops_stddev" : 0.000000,
        "iops_samples" : 0
      },
      "sync" : {
        "total_ios" : 43090,
        "lat_ns" : {
          "min" : 4318,
          "max" : 51573206,
          "mean" : 70927.419239,
          "stddev" : 970025.001250,
          "N" : 43090,
          "percentile" : {
            "1.000000" : 6496,
            "5.000000" : 8896,
            "10.000000" : 10560,
            "20.000000" : 13504,
            "30.000000" : 16768,
            "40.000000" : 20352,
            "50.000000" : 24704,
            "60.000000" : 29056,
            "70.000000" : 33536,
            "80.000000" : 38144,
            "90.000000" : 44800,
            "95.000000" : 51456,
            "99.000000" : 84480,
            "99.500000" : 1220608,
            "99.900000" : 16449536,
            "99.950000" : 27656192,
            "99.990000" : 38535168
          }
        }
      },
      "job_runtime" : 960197,
      "usr_cpu" : 0.377943,
      "sys_cpu" : 2.708298,
      "ctx" : 132699,
      "majf" : 0,
      "minf" : 0,
      "iodepth_level" : {
        "1" : 200.037145,
        "2" : 0.000000,
        "4" : 0.000000,
        "8" : 0.000000,
        "16" : 0.000000,
        "32" : 0.000000,
        ">=64" : 0.000000
      },
      "iodepth_submit" : {
        "0" : 0.000000,
        "4" : 100.000000,
        "8" : 0.000000,
        "16" : 0.000000,
        "32" : 0.000000,
        "64" : 0.000000,
        ">=64" : 0.000000
      },
      "iodepth_complete" : {
        "0" : 0.000000,
        "4" : 100.000000,
        "8" : 0.000000,
        "16" : 0.000000,
        "32" : 0.000000,
        "64" : 0.000000,
        ">=64" : 0.000000
      },
      "latency_ns" : {
        "2" : 0.000000,
        "4" : 0.000000,
        "10" : 0.000000,
        "20" : 0.000000,
        "50" : 0.000000,
        "100" : 0.000000,
        "250" : 0.000000,
        "500" : 0.000000,
        "750" : 0.000000,
        "1000" : 0.000000
      },
      "latency_us" : {
        "2" : 0.000000,
        "4" : 0.000000,
        "10" : 0.000000,
        "20" : 0.000000,
        "50" : 0.000000,
        "100" : 0.000000,
        "250" : 0.000000,
        "500" : 0.000000,
        "750" : 0.000000,
        "1000" : 0.000000
      },
      "latency_ms" : {
        "2" : 0.000000,
        "4" : 0.000000,
        "10" : 0.160189,
        "20" : 56.077912,
        "50" : 41.758369,
        "100" : 2.003529,
        "250" : 0.000000,
        "500" : 0.000000,
        "750" : 0.000000,
        "1000" : 0.000000,
        "2000" : 0.000000,
        ">=2000" : 0.000000
      },
      "latency_depth" : 1,
      "latency_target" : 0,
      "latency_percentile" : 100.000000,
      "latency_window" : 0
    }
  ]
}
