{
  "fio version" : "fio-3.36",
  "timestamp" : 1750787275,
  "timestamp_ms" : 1750787275938,
  "time" : "Tue Jun 24 17:47:55 2025",
  "jobs" : [
    {
      "jobname" : "seq_sync_job",
      "groupid" : 0,
      "job_start" : 1750787215923,
      "error" : 0,
      "eta" : 0,
      "elapsed" : 61,
      "job options" : {
        "ioengine" : "psync",
        "sync" : "1",
        "rw" : "write",
        "numjobs" : "32",
        "filesize" : "500000000",
        "group_reporting" : "1",
        "thread" : "1",
        "direct" : "0",
        "fsync" : "1",
        "directory" : "/zfs-bench",
        "time_based" : "1",
        "runtime" : "60",
        "bs" : "8k",
        "filename_format" : "file$jobnum"
      },
      "read" : {
        "io_bytes" : 0,
        "io_kbytes" : 0,
        "bw_bytes" : 0,
        "bw" : 0,
        "iops" : 0.000000,
        "runtime" : 0,
        "total_ios" : 0,
        "short_ios" : 0,
        "drop_ios" : 0,
        "slat_ns" : {
          "min" : 0,
          "max" : 0,
          "mean" : 0.000000,
          "stddev" : 0.000000,
          "N" : 0
        },
        "clat_ns" : {
          "min" : 0,
          "max" : 0,
          "mean" : 0.000000,
          "stddev" : 0.000000,
          "N" : 0
        },
        "lat_ns" : {
          "min" : 0,
          "max" : 0,
          "mean" : 0.000000,
          "stddev" : 0.000000,
          "N" : 0
        },
        "bw_min" : 0,
        "bw_max" : 0,
        "bw_agg" : 0.000000,
        "bw_mean" : 0.000000,
        "bw_dev" : 0.000000,
        "bw_samples" : 0,
        "iops_min" : 0,
        "iops_max" : 0,
        "iops_mean" : 0.000000,
        "iops_stddev" : 0.000000,
        "iops_samples" : 0
      },
      "write" : {
        "io_bytes" : 3823509504,
        "io_kbytes" : 3733896,
        "bw_bytes" : 63721972,
        "bw" : 62228,
        "iops" : 7778.561072,
        "runtime" : 60003,
        "total_ios" : 466737,
        "short_ios" : 0,
        "drop_ios" : 0,
        "slat_ns" : {
          "min" : 0,
          "max" : 0,
          "mean" : 0.000000,
          "stddev" : 0.000000,
          "N" : 0
        },
        "clat_ns" : {
          "min" : 1146983,
          "max" : 29919721,
          "mean" : 2226699.670686,
          "stddev" : 763052.020548,
          "N" : 466737,
          "percentile" : {
            "1.000000" : 1449984,
            "5.000000" : 1662976,
            "10.000000" : 1794048,
            "20.000000" : 1875968,
            "30.000000" : 1941504,
            "40.000000" : 2007040,
            "50.000000" : 2072576,
            "60.000000" : 2146304,
            "70.000000" : 2277376,
            "80.000000" : 2473984,
            "90.000000" : 2703360,
            "95.000000" : 2965504,
            "99.000000" : 5341184,
            "99.500000" : 6651904,
            "99.900000" : 10420224,
            "99.950000" : 12648448,
            "99.990000" : 26083328
          }
        },
        "lat_ns" : {
          "min" : 1147072,
          "max" : 29920182,
          "mean" : 2226907.188789,
          "stddev" : 763057.157503,
          "N" : 466737
        },
        "bw_min" : 57792,
        "bw_max" : 70672,
        "bw_agg" : 99.994394,
        "bw_mean" : 62225.697479,
        "bw_dev" : 62.682247,
        "bw_samples" : 3808,
        "iops_min" : 7224,
        "iops_max" : 8834,
        "iops_mean" : 7778.168067,
        "iops_stddev" : 7.835966,
        "iops_samples" : 3808
      },
      "trim" : {
        "io_bytes" : 0,
        "io_kbytes" : 0,
        "bw_bytes" : 0,
        "bw" : 0,
        "iops" : 0.000000,
        "runtime" : 0,
        "total_ios" : 0,
        "short_ios" : 0,
        "drop_ios" : 0,
        "slat_ns" : {
          "min" : 0,
          "max" : 0,
          "mean" : 0.000000,
          "stddev" : 0.000000,
          "N" : 0
        },
        "clat_ns" : {
          "min" : 0,
          "max" : 0,
          "mean" : 0.000000,
          "stddev" : 0.000000,
          "N" : 0
        },
        "lat_ns" : {
          "min" : 0,
          "max" : 0,
          "mean" : 0.000000,
          "stddev" : 0.000000,
          "N" : 0
        },
        "bw_min" : 0,
        "bw_max" : 0,
        "bw_agg" : 0.000000,
        "bw_mean" : 0.000000,
        "bw_dev" : 0.000000,
        "bw_samples" : 0,
        "iops_min" : 0,
        "iops_max" : 0,
        "iops_mean" : 0.000000,
        "iops_stddev" : 0.000000,
        "iops_samples" : 0
      },
      "sync" : {
        "total_ios" : 466718,
        "lat_ns" : {
          "min" : 3948,
          "max" : 26376638,
          "mean" : 1885299.258655,
          "stddev" : 973871.743723,
          "N" : 466718,
          "percentile" : {
            "1.000000" : 82432,
            "5.000000" : 102912,
            "10.000000" : 136192,
            "20.000000" : 1548288,
            "30.000000" : 1826816,
            "40.000000" : 1925120,
            "50.000000" : 1990656,
            "60.000000" : 2072576,
            "70.000000" : 2179072,
            "80.000000" : 2375680,
            "90.000000" : 2605056,
            "95.000000" : 2867200,
            "99.000000" : 4882432,
            "99.500000" : 6258688,
            "99.900000" : 9633792,
            "99.950000" : 10813440,
            "99.990000" : 17432576
          }
        }
      },
      "job_runtime" : 1920030,
      "usr_cpu" : 0.086926,
      "sys_cpu" : 3.711348,
      "ctx" : 1603223,
      "majf" : 0,
      "minf" : 0,
      "iodepth_level" : {
        "1" : 199.995929,
        "2" : 0.000000,
        "4" : 0.000000,
        "8" : 0.000000,
        "16" : 0.000000,
        "32" : 0.000000,
        ">=64" : 0.000000
      },
      "iodepth_submit" : {
        "0" : 0.000000,
        "4" : 100.000000,
        "8" : 0.000000,
        "16" : 0.000000,
        "32" : 0.000000,
        "64" : 0.000000,
        ">=64" : 0.000000
      },
      "iodepth_complete" : {
        "0" : 0.000000,
        "4" : 100.000000,
        "8" : 0.000000,
        "16" : 0.000000,
        "32" : 0.000000,
        "64" : 0.000000,
        ">=64" : 0.000000
      },
      "latency_ns" : {
        "2" : 0.000000,
        "4" : 0.000000,
        "10" : 0.000000,
        "20" : 0.000000,
        "50" : 0.000000,
        "100" : 0.000000,
        "250" : 0.000000,
        "500" : 0.000000,
        "750" : 0.000000,
        "1000" : 0.000000
      },
      "latency_us" : {
        "2" : 0.000000,
        "4" : 0.000000,
        "10" : 0.000000,
        "20" : 0.000000,
        "50" : 0.000000,
        "100" : 0.000000,
        "250" : 0.000000,
        "500" : 0.000000,
        "750" : 0.000000,
        "1000" : 0.000000
      },
      "latency_ms" : {
        "2" : 39.761793,
        "4" : 58.099958,
        "10" : 2.017624,
        "20" : 0.109912,
        "50" : 0.010713,
        "100" : 0.000000,
        "250" : 0.000000,
        "500" : 0.000000,
        "750" : 0.000000,
        "1000" : 0.000000,
        "2000" : 0.000000,
        ">=2000" : 0.000000
      },
      "latency_depth" : 1,
      "latency_target" : 0,
      "latency_percentile" : 100.000000,
      "latency_window" : 0
    }
  ]
}
