{
  "fio version" : "fio-3.36",
  "timestamp" : 1750787736,
  "timestamp_ms" : 1750787736696,
  "time" : "Tue Jun 24 17:55:36 2025",
  "jobs" : [
    {
      "jobname" : "seq_sync_job",
      "groupid" : 0,
      "job_start" : 1750787676675,
      "error" : 0,
      "eta" : 0,
      "elapsed" : 61,
      "job options" : {
        "ioengine" : "psync",
        "sync" : "1",
        "rw" : "write",
        "numjobs" : "16",
        "filesize" : "1000000000",
        "group_reporting" : "1",
        "thread" : "1",
        "direct" : "0",
        "fsync" : "1",
        "directory" : "/shielded-zfs-bench",
        "time_based" : "1",
        "runtime" : "60",
        "bs" : "8k",
        "filename_format" : "file$jobnum"
      },
      "read" : {
        "io_bytes" : 0,
        "io_kbytes" : 0,
        "bw_bytes" : 0,
        "bw" : 0,
        "iops" : 0.000000,
        "runtime" : 0,
        "total_ios" : 0,
        "short_ios" : 0,
        "drop_ios" : 0,
        "slat_ns" : {
          "min" : 0,
          "max" : 0,
          "mean" : 0.000000,
          "stddev" : 0.000000,
          "N" : 0
        },
        "clat_ns" : {
          "min" : 0,
          "max" : 0,
          "mean" : 0.000000,
          "stddev" : 0.000000,
          "N" : 0
        },
        "lat_ns" : {
          "min" : 0,
          "max" : 0,
          "mean" : 0.000000,
          "stddev" : 0.000000,
          "N" : 0
        },
        "bw_min" : 0,
        "bw_max" : 0,
        "bw_agg" : 0.000000,
        "bw_mean" : 0.000000,
        "bw_dev" : 0.000000,
        "bw_samples" : 0,
        "iops_min" : 0,
        "iops_max" : 0,
        "iops_mean" : 0.000000,
        "iops_stddev" : 0.000000,
        "iops_samples" : 0
      },
      "write" : {
        "io_bytes" : 1623736320,
        "io_kbytes" : 1585680,
        "bw_bytes" : 27060918,
        "bw" : 26426,
        "iops" : 3303.334833,
        "runtime" : 60003,
        "total_ios" : 198210,
        "short_ios" : 0,
        "drop_ios" : 0,
        "slat_ns" : {
          "min" : 0,
          "max" : 0,
          "mean" : 0.000000,
          "stddev" : 0.000000,
          "N" : 0
        },
        "clat_ns" : {
          "min" : 1487402,
          "max" : 101886273,
          "mean" : 2869622.084436,
          "stddev" : 1030722.368038,
          "N" : 198210,
          "percentile" : {
            "1.000000" : 1990656,
            "5.000000" : 2179072,
            "10.000000" : 2310144,
            "20.000000" : 2473984,
            "30.000000" : 2572288,
            "40.000000" : 2670592,
            "50.000000" : 2768896,
            "60.000000" : 2867200,
            "70.000000" : 2965504,
            "80.000000" : 3096576,
            "90.000000" : 3358720,
            "95.000000" : 3620864,
            "99.000000" : 5865472,
            "99.500000" : 7176192,
            "99.900000" : 10944512,
            "99.950000" : 14745600,
            "99.990000" : 53215232
          }
        },
        "lat_ns" : {
          "min" : 1487512,
          "max" : 101886533,
          "mean" : 2869823.263438,
          "stddev" : 1030728.201900,
          "N" : 198210
        },
        "bw_min" : 20656,
        "bw_max" : 31760,
        "bw_agg" : 100.000000,
        "bw_mean" : 26434.823529,
        "bw_dev" : 139.327612,
        "bw_samples" : 1904,
        "iops_min" : 2582,
        "iops_max" : 3970,
        "iops_mean" : 3304.352941,
        "iops_stddev" : 17.415952,
        "iops_samples" : 1904
      },
      "trim" : {
        "io_bytes" : 0,
        "io_kbytes" : 0,
        "bw_bytes" : 0,
        "bw" : 0,
        "iops" : 0.000000,
        "runtime" : 0,
        "total_ios" : 0,
        "short_ios" : 0,
        "drop_ios" : 0,
        "slat_ns" : {
          "min" : 0,
          "max" : 0,
          "mean" : 0.000000,
          "stddev" : 0.000000,
          "N" : 0
        },
        "clat_ns" : {
          "min" : 0,
          "max" : 0,
          "mean" : 0.000000,
          "stddev" : 0.000000,
          "N" : 0
        },
        "lat_ns" : {
          "min" : 0,
          "max" : 0,
          "mean" : 0.000000,
          "stddev" : 0.000000,
          "N" : 0
        },
        "bw_min" : 0,
        "bw_max" : 0,
        "bw_agg" : 0.000000,
        "bw_mean" : 0.000000,
        "bw_dev" : 0.000000,
        "bw_samples" : 0,
        "iops_min" : 0,
        "iops_max" : 0,
        "iops_mean" : 0.000000,
        "iops_stddev" : 0.000000,
        "iops_samples" : 0
      },
      "sync" : {
        "total_ios" : 198198,
        "lat_ns" : {
          "min" : 3878,
          "max" : 100321656,
          "mean" : 1971988.980474,
          "stddev" : 1530521.671742,
          "N" : 198198,
          "percentile" : {
            "1.000000" : 26240,
            "5.000000" : 32640,
            "10.000000" : 36608,
            "20.000000" : 47360,
            "30.000000" : 1859584,
            "40.000000" : 2277376,
            "50.000000" : 2441216,
            "60.000000" : 2605056,
            "70.000000" : 2736128,
            "80.000000" : 2899968,
            "90.000000" : 3129344,
            "95.000000" : 3391488,
            "99.000000" : 5013504,
            "99.500000" : 6127616,
            "99.900000" : 9371648,
            "99.950000" : 12386304,
            "99.990000" : 22675456
          }
        }
      },
      "job_runtime" : 960003,
      "usr_cpu" : 0.074271,
      "sys_cpu" : 4.199362,
      "ctx" : 675169,
      "majf" : 0,
      "minf" : 0,
      "iodepth_level" : {
        "1" : 199.993946,
        "2" : 0.000000,
        "4" : 0.000000,
        "8" : 0.000000,
        "16" : 0.000000,
        "32" : 0.000000,
        ">=64" : 0.000000
      },
      "iodepth_submit" : {
        "0" : 0.000000,
        "4" : 100.000000,
        "8" : 0.000000,
        "16" : 0.000000,
        "32" : 0.000000,
        "64" : 0.000000,
        ">=64" : 0.000000
      },
      "iodepth_complete" : {
        "0" : 0.000000,
        "4" : 100.000000,
        "8" : 0.000000,
        "16" : 0.000000,
        "32" : 0.000000,
        "64" : 0.000000,
        ">=64" : 0.000000
      },
      "latency_ns" : {
        "2" : 0.000000,
        "4" : 0.000000,
        "10" : 0.000000,
        "20" : 0.000000,
        "50" : 0.000000,
        "100" : 0.000000,
        "250" : 0.000000,
        "500" : 0.000000,
        "750" : 0.000000,
        "1000" : 0.000000
      },
      "latency_us" : {
        "2" : 0.000000,
        "4" : 0.000000,
        "10" : 0.000000,
        "20" : 0.000000,
        "50" : 0.000000,
        "100" : 0.000000,
        "250" : 0.000000,
        "500" : 0.000000,
        "750" : 0.000000,
        "1000" : 0.000000
      },
      "latency_ms" : {
        "2" : 1.046869,
        "4" : 96.094042,
        "10" : 2.706725,
        "20" : 0.131174,
        "50" : 0.010090,
        "100" : 0.010000,
        "250" : 0.010000,
        "500" : 0.000000,
        "750" : 0.000000,
        "1000" : 0.000000,
        "2000" : 0.000000,
        ">=2000" : 0.000000
      },
      "latency_depth" : 1,
      "latency_target" : 0,
      "latency_percentile" : 100.000000,
      "latency_window" : 0
    }
  ]
}
