{
  "fio version" : "fio-3.36",
  "timestamp" : 1750786716,
  "timestamp_ms" : 1750786716717,
  "time" : "Tue Jun 24 17:38:36 2025",
  "jobs" : [
    {
      "jobname" : "seq_sync_job",
      "groupid" : 0,
      "job_start" : 1750786656659,
      "error" : 0,
      "eta" : 0,
      "elapsed" : 61,
      "job options" : {
        "ioengine" : "psync",
        "sync" : "1",
        "rw" : "write",
        "numjobs" : "32",
        "filesize" : "500000000",
        "group_reporting" : "1",
        "thread" : "1",
        "direct" : "0",
        "fsync" : "1",
        "directory" : "/ext4-bench",
        "time_based" : "1",
        "runtime" : "60",
        "bs" : "1m",
        "filename_format" : "file$jobnum"
      },
      "read" : {
        "io_bytes" : 0,
        "io_kbytes" : 0,
        "bw_bytes" : 0,
        "bw" : 0,
        "iops" : 0.000000,
        "runtime" : 0,
        "total_ios" : 0,
        "short_ios" : 0,
        "drop_ios" : 0,
        "slat_ns" : {
          "min" : 0,
          "max" : 0,
          "mean" : 0.000000,
          "stddev" : 0.000000,
          "N" : 0
        },
        "clat_ns" : {
          "min" : 0,
          "max" : 0,
          "mean" : 0.000000,
          "stddev" : 0.000000,
          "N" : 0
        },
        "lat_ns" : {
          "min" : 0,
          "max" : 0,
          "mean" : 0.000000,
          "stddev" : 0.000000,
          "N" : 0
        },
        "bw_min" : 0,
        "bw_max" : 0,
        "bw_agg" : 0.000000,
        "bw_mean" : 0.000000,
        "bw_dev" : 0.000000,
        "bw_samples" : 0,
        "iops_min" : 0,
        "iops_max" : 0,
        "iops_mean" : 0.000000,
        "iops_stddev" : 0.000000,
        "iops_samples" : 0
      },
      "write" : {
        "io_bytes" : 45760905216,
        "io_kbytes" : 44688384,
        "bw_bytes" : 762160943,
        "bw" : 744297,
        "iops" : 726.853317,
        "runtime" : 60041,
        "total_ios" : 43641,
        "short_ios" : 0,
        "drop_ios" : 0,
        "slat_ns" : {
          "min" : 0,
          "max" : 0,
          "mean" : 0.000000,
          "stddev" : 0.000000,
          "N" : 0
        },
        "clat_ns" : {
          "min" : 3513565,
          "max" : 113298795,
          "mean" : 43775632.973076,
          "stddev" : 19132076.690602,
          "N" : 43641,
          "percentile" : {
            "1.000000" : 5275648,
            "5.000000" : 7503872,
            "10.000000" : 10289152,
            "20.000000" : 37486592,
            "30.000000" : 42729472,
            "40.000000" : 45350912,
            "50.000000" : 46923776,
            "60.000000" : 47448064,
            "70.000000" : 48496640,
            "80.000000" : 51642368,
            "90.000000" : 62652416,
            "95.000000" : 78118912,
            "99.000000" : 99090432,
            "99.500000" : 104333312,
            "99.900000" : 108527616,
            "99.950000" : 109576192,
            "99.990000" : 112721920
          }
        },
        "lat_ns" : {
          "min" : 3534403,
          "max" : 113320526,
          "mean" : 43822084.236635,
          "stddev" : 19125204.761012,
          "N" : 43641
        },
        "bw_min" : 571355,
        "bw_max" : 1080429,
        "bw_agg" : 100.000000,
        "bw_mean" : 745101.647059,
        "bw_dev" : 2251.633215,
        "bw_samples" : 3808,
        "iops_min" : 557,
        "iops_max" : 1054,
        "iops_mean" : 726.697479,
        "iops_stddev" : 2.202128,
        "iops_samples" : 3808
      },
      "trim" : {
        "io_bytes" : 0,
        "io_kbytes" : 0,
        "bw_bytes" : 0,
        "bw" : 0,
        "iops" : 0.000000,
        "runtime" : 0,
        "total_ios" : 0,
        "short_ios" : 0,
        "drop_ios" : 0,
        "slat_ns" : {
          "min" : 0,
          "max" : 0,
          "mean" : 0.000000,
          "stddev" : 0.000000,
          "N" : 0
        },
        "clat_ns" : {
          "min" : 0,
          "max" : 0,
          "mean" : 0.000000,
          "stddev" : 0.000000,
          "N" : 0
        },
        "lat_ns" : {
          "min" : 0,
          "max" : 0,
          "mean" : 0.000000,
          "stddev" : 0.000000,
          "N" : 0
        },
        "bw_min" : 0,
        "bw_max" : 0,
        "bw_agg" : 0.000000,
        "bw_mean" : 0.000000,
        "bw_dev" : 0.000000,
        "bw_samples" : 0,
        "iops_min" : 0,
        "iops_max" : 0,
        "iops_mean" : 0.000000,
        "iops_stddev" : 0.000000,
        "iops_samples" : 0
      },
      "sync" : {
        "total_ios" : 43673,
        "lat_ns" : {
          "min" : 7154,
          "max" : 1788220,
          "mean" : 49649.794060,
          "stddev" : 58970.617534,
          "N" : 43673,
          "percentile" : {
            "1.000000" : 8512,
            "5.000000" : 9408,
            "10.000000" : 11072,
            "20.000000" : 13504,
            "30.000000" : 19328,
            "40.000000" : 28032,
            "50.000000" : 35584,
            "60.000000" : 44288,
            "70.000000" : 56576,
            "80.000000" : 76288,
            "90.000000" : 110080,
            "95.000000" : 132096,
            "99.000000" : 177152,
            "99.500000" : 226304,
            "99.900000" : 864256,
            "99.950000" : 1056768,
            "99.990000" : 1662976
          }
        }
      },
      "job_runtime" : 1920979,
      "usr_cpu" : 0.137586,
      "sys_cpu" : 2.914868,
      "ctx" : 566477,
      "majf" : 0,
      "minf" : 0,
      "iodepth_level" : {
        "1" : 200.073326,
        "2" : 0.000000,
        "4" : 0.000000,
        "8" : 0.000000,
        "16" : 0.000000,
        "32" : 0.000000,
        ">=64" : 0.000000
      },
      "iodepth_submit" : {
        "0" : 0.000000,
        "4" : 100.000000,
        "8" : 0.000000,
        "16" : 0.000000,
        "32" : 0.000000,
        "64" : 0.000000,
        ">=64" : 0.000000
      },
      "iodepth_complete" : {
        "0" : 0.000000,
        "4" : 100.000000,
        "8" : 0.000000,
        "16" : 0.000000,
        "32" : 0.000000,
        "64" : 0.000000,
        ">=64" : 0.000000
      },
      "latency_ns" : {
        "2" : 0.000000,
        "4" : 0.000000,
        "10" : 0.000000,
        "20" : 0.000000,
        "50" : 0.000000,
        "100" : 0.000000,
        "250" : 0.000000,
        "500" : 0.000000,
        "750" : 0.000000,
        "1000" : 0.000000
      },
      "latency_us" : {
        "2" : 0.000000,
        "4" : 0.000000,
        "10" : 0.000000,
        "20" : 0.000000,
        "50" : 0.000000,
        "100" : 0.000000,
        "250" : 0.000000,
        "500" : 0.000000,
        "750" : 0.000000,
        "1000" : 0.000000
      },
      "latency_ms" : {
        "2" : 0.000000,
        "4" : 0.059577,
        "10" : 9.353590,
        "20" : 7.690016,
        "50" : 59.008730,
        "100" : 22.976100,
        "250" : 0.911986,
        "500" : 0.000000,
        "750" : 0.000000,
        "1000" : 0.000000,
        "2000" : 0.000000,
        ">=2000" : 0.000000
      },
      "latency_depth" : 1,
      "latency_target" : 0,
      "latency_percentile" : 100.000000,
      "latency_window" : 0
    }
  ],
  "disk_util" : [
    {
      "name" : "md0",
      "read_ios" : 40,
      "write_ios" : 132529,
      "read_sectors" : 320,
      "write_sectors" : 90082568,
      "read_merges" : 0,
      "write_merges" : 0,
      "read_ticks" : 28,
      "write_ticks" : 1847626,
      "in_queue" : 1847654,
      "util" : 99.709574,
      "aggr_read_ios" : 13,
      "aggr_write_ios" : 31463,
      "aggr_read_sectors" : 106,
      "aggr_write_sectors" : 30109861,
      "aggr_read_merges" : 0,
      "aggr_write_merge" : 12804,
      "aggr_read_ticks" : 19,
      "aggr_write_ticks" : 499134,
      "aggr_in_queue" : 499154,
      "aggr_util" : 93.842135
    },
    {
      "name" : "sdb",
      "read_ios" : 13,
      "write_ios" : 31476,
      "read_sectors" : 104,
      "write_sectors" : 30122088,
      "read_merges" : 0,