{
  "fio version" : "fio-3.36",
  "timestamp" : 1750788259,
  "timestamp_ms" : 1750788259156,
  "time" : "Tue Jun 24 18:04:19 2025",
  "jobs" : [
    {
      "jobname" : "seq_sync_job",
      "groupid" : 0,
      "job_start" : 1750788199057,
      "error" : 0,
      "eta" : 0,
      "elapsed" : 61,
      "job options" : {
        "ioengine" : "psync",
        "sync" : "1",
        "rw" : "write",
        "numjobs" : "32",
        "filesize" : "500000000",
        "group_reporting" : "1",
        "thread" : "1",
        "direct" : "0",
        "fsync" : "1",
        "directory" : "/shielded-zfs-bench",
        "time_based" : "1",
        "runtime" : "60",
        "bs" : "1m",
        "filename_format" : "file$jobnum"
      },
      "read" : {
        "io_bytes" : 0,
        "io_kbytes" : 0,
        "bw_bytes" : 0,
        "bw" : 0,
        "iops" : 0.000000,
        "runtime" : 0,
        "total_ios" : 0,
        "short_ios" : 0,
        "drop_ios" : 0,
        "slat_ns" : {
          "min" : 0,
          "max" : 0,
          "mean" : 0.000000,
          "stddev" : 0.000000,
          "N" : 0
        },
        "clat_ns" : {
          "min" : 0,
          "max" : 0,
          "mean" : 0.000000,
          "stddev" : 0.000000,
          "N" : 0
        },
        "lat_ns" : {
          "min" : 0,
          "max" : 0,
          "mean" : 0.000000,
          "stddev" : 0.000000,
          "N" : 0
        },
        "bw_min" : 0,
        "bw_max" : 0,
        "bw_agg" : 0.000000,
        "bw_mean" : 0.000000,
        "bw_dev" : 0.000000,
        "bw_samples" : 0,
        "iops_min" : 0,
        "iops_max" : 0,
        "iops_mean" : 0.000000,
        "iops_stddev" : 0.000000,
        "iops_samples" : 0
      },
      "write" : {
        "io_bytes" : 44107300864,
        "io_kbytes" : 43073536,
        "bw_bytes" : 734191704,
        "bw" : 716984,
        "iops" : 700.179772,
        "runtime" : 60076,
        "total_ios" : 42064,
        "short_ios" : 0,
        "drop_ios" : 0,
        "slat_ns" : {
          "min" : 0,
          "max" : 0,
          "mean" : 0.000000,
          "stddev" : 0.000000,
          "N" : 0
        },
        "clat_ns" : {
          "min" : 11356689,
          "max" : 133511050,
          "mean" : 42758428.453190,
          "stddev" : 14737136.465922,
          "N" : 42064,
          "percentile" : {
            "1.000000" : 14745600,
            "5.000000" : 17170432,
            "10.000000" : 19791872,
            "20.000000" : 31588352,
            "30.000000" : 38535168,
            "40.000000" : 43778048,
            "50.000000" : 45350912,
            "60.000000" : 46399488,
            "70.000000" : 47448064,
            "80.000000" : 49545216,
            "90.000000" : 57933824,
            "95.000000" : 63176704,
            "99.000000" : 91750400,
            "99.500000" : 105381888,
            "99.900000" : 127401984,
            "99.950000" : 132644864,
            "99.990000" : 133693440
          }
        },
        "lat_ns" : {
          "min" : 11389600,
          "max" : 133699169,
          "mean" : 42852008.206804,
          "stddev" : 14732326.987280,
          "N" : 42064
        },
        "bw_min" : 473088,
        "bw_max" : 1013610,
        "bw_agg" : 100.000000,
        "bw_mean" : 718052.935574,
        "bw_dev" : 2380.327184,
        "bw_samples" : 3826,
        "iops_min" : 462,
        "iops_max" : 982,
        "iops_mean" : 700.624790,
        "iops_stddev" : 2.306983,
        "iops_samples" : 3826
      },
      "trim" : {
        "io_bytes" : 0,
        "io_kbytes" : 0,
        "bw_bytes" : 0,
        "bw" : 0,
        "iops" : 0.000000,
        "runtime" : 0,
        "total_ios" : 0,
        "short_ios" : 0,
        "drop_ios" : 0,
        "slat_ns" : {
          "min" : 0,
          "max" : 0,
          "mean" : 0.000000,
          "stddev" : 0.000000,
          "N" : 0
        },
        "clat_ns" : {
          "min" : 0,
          "max" : 0,
          "mean" : 0.000000,
          "stddev" : 0.000000,
          "N" : 0
        },
        "lat_ns" : {
          "min" : 0,
          "max" : 0,
          "mean" : 0.000000,
          "stddev" : 0.000000,
          "N" : 0
        },
        "bw_min" : 0,
        "bw_max" : 0,
        "bw_agg" : 0.000000,
        "bw_mean" : 0.000000,
        "bw_dev" : 0.000000,
        "bw_samples" : 0,
        "iops_min" : 0,
        "iops_max" : 0,
        "iops_mean" : 0.000000,
        "iops_stddev" : 0.000000,
        "iops_samples" : 0
      },
      "sync" : {
        "total_ios" : 42098,
        "lat_ns" : {
          "min" : 3807,
          "max" : 132751312,
          "mean" : 2828921.546701,
          "stddev" : 10113830.752491,
          "N" : 42098,
          "percentile" : {
            "1.000000" : 10432,
            "5.000000" : 27520,
            "10.000000" : 42752,
            "20.000000" : 63232,
            "30.000000" : 84480,
            "40.000000" : 104960,
            "50.000000" : 129536,
            "60.000000" : 203776,
            "70.000000" : 403456,
            "80.000000" : 913408,
            "90.000000" : 1384448,
            "95.000000" : 22413312,
            "99.000000" : 47972352,
            "99.500000" : 57409536,
            "99.900000" : 67633152,
            "99.950000" : 89653248,
            "99.990000" : 132644864
          }
        }
      },
      "job_runtime" : 1922095,
      "usr_cpu" : 0.228293,
      "sys_cpu" : 2.526358,
      "ctx" : 173027,
      "majf" : 0,
      "minf" : 0,
      "iodepth_level" : {
        "1" : 200.080829,
        "2" : 0.000000,
        "4" : 0.000000,
        "8" : 0.000000,
        "16" : 0.000000,
        "32" : 0.000000,
        ">=64" : 0.000000
      },
      "iodepth_submit" : {
        "0" : 0.000000,
        "4" : 100.000000,
        "8" : 0.000000,
        "16" : 0.000000,
        "32" : 0.000000,
        "64" : 0.000000,
        ">=64" : 0.000000
      },
      "iodepth_complete" : {
        "0" : 0.000000,
        "4" : 100.000000,
        "8" : 0.000000,
        "16" : 0.000000,
        "32" : 0.000000,
        "64" : 0.000000,
        ">=64" : 0.000000
      },
      "latency_ns" : {
        "2" : 0.000000,
        "4" : 0.000000,
        "10" : 0.000000,
        "20" : 0.000000,
        "50" : 0.000000,
        "100" : 0.000000,
        "250" : 0.000000,
        "500" : 0.000000,
        "750" : 0.000000,
        "1000" : 0.000000
      },
      "latency_us" : {
        "2" : 0.000000,
        "4" : 0.000000,
        "10" : 0.000000,
        "20" : 0.000000,
        "50" : 0.000000,
        "100" : 0.000000,
        "250" : 0.000000,
        "500" : 0.000000,
        "750" : 0.000000,
        "1000" : 0.000000
      },
      "latency_ms" : {
        "2" : 0.000000,
        "4" : 0.000000,
        "10" : 0.000000,
        "20" : 10.517307,
        "50" : 70.040890,
        "100" : 18.875998,
        "250" : 0.565804,
        "500" : 0.000000,
        "750" : 0.000000,
        "1000" : 0.000000,
        "2000" : 0.000000,
        ">=2000" : 0.000000
      },
      "latency_depth" : 1,
      "latency_target" : 0,
      "latency_percentile" : 100.000000,
      "latency_window" : 0
    }
  ]
}
