{
  "fio version" : "fio-3.36",
  "timestamp" : 1750787449,
  "timestamp_ms" : 1750787449134,
  "time" : "Tue Jun 24 17:50:49 2025",
  "jobs" : [
    {
      "jobname" : "seq_sync_job",
      "groupid" : 0,
      "job_start" : 1750787389114,
      "error" : 0,
      "eta" : 0,
      "elapsed" : 61,
      "job options" : {
        "ioengine" : "psync",
        "sync" : "1",
        "rw" : "write",
        "numjobs" : "32",
        "filesize" : "500000000",
        "group_reporting" : "1",
        "thread" : "1",
        "direct" : "0",
        "fsync" : "1",
        "directory" : "/zfs-bench",
        "time_based" : "1",
        "runtime" : "60",
        "bs" : "1m",
        "filename_format" : "file$jobnum"
      },
      "read" : {
        "io_bytes" : 0,
        "io_kbytes" : 0,
        "bw_bytes" : 0,
        "bw" : 0,
        "iops" : 0.000000,
        "runtime" : 0,
        "total_ios" : 0,
        "short_ios" : 0,
        "drop_ios" : 0,
        "slat_ns" : {
          "min" : 0,
          "max" : 0,
          "mean" : 0.000000,
          "stddev" : 0.000000,
          "N" : 0
        },
        "clat_ns" : {
          "min" : 0,
          "max" : 0,
          "mean" : 0.000000,
          "stddev" : 0.000000,
          "N" : 0
        },
        "lat_ns" : {
          "min" : 0,
          "max" : 0,
          "mean" : 0.000000,
          "stddev" : 0.000000,
          "N" : 0
        },
        "bw_min" : 0,
        "bw_max" : 0,
        "bw_agg" : 0.000000,
        "bw_mean" : 0.000000,
        "bw_dev" : 0.000000,
        "bw_samples" : 0,
        "iops_min" : 0,
        "iops_max" : 0,
        "iops_mean" : 0.000000,
        "iops_stddev" : 0.000000,
        "iops_samples" : 0
      },
      "write" : {
        "io_bytes" : 44772098048,
        "io_kbytes" : 43722752,
        "bw_bytes" : 746151890,
        "bw" : 728663,
        "iops" : 711.585894,
        "runtime" : 60004,
        "total_ios" : 42698,
        "short_ios" : 0,
        "drop_ios" : 0,
        "slat_ns" : {
          "min" : 0,
          "max" : 0,
          "mean" : 0.000000,
          "stddev" : 0.000000,
          "N" : 0
        },
        "clat_ns" : {
          "min" : 12152667,
          "max" : 119986262,
          "mean" : 41960851.719448,
          "stddev" : 14252596.706079,
          "N" : 42698,
          "percentile" : {
            "1.000000" : 15007744,
            "5.000000" : 16580608,
            "10.000000" : 18481152,
            "20.000000" : 30801920,
            "30.000000" : 37486592,
            "40.000000" : 43778048,
            "50.000000" : 45875200,
            "60.000000" : 46399488,
            "70.000000" : 47448064,
            "80.000000" : 49020928,
            "90.000000" : 55312384,
            "95.000000" : 63176704,
            "99.000000" : 87556096,
            "99.500000" : 95944704,
            "99.900000" : 109576192,
            "99.950000" : 119013376,
            "99.990000" : 120061952
          }
        },
        "lat_ns" : {
          "min" : 12178916,
          "max" : 120070110,
          "mean" : 42082909.317556,
          "stddev" : 14250520.253564,
          "N" : 42698
        },
        "bw_min" : 579584,
        "bw_max" : 974962,
        "bw_agg" : 99.938112,
        "bw_mean" : 728213.151261,
        "bw_dev" : 2039.188810,
        "bw_samples" : 3808,
        "iops_min" : 566,
        "iops_max" : 952,
        "iops_mean" : 711.134454,
        "iops_stddev" : 1.990454,
        "iops_samples" : 3808
      },
      "trim" : {
        "io_bytes" : 0,
        "io_kbytes" : 0,
        "bw_bytes" : 0,
        "bw" : 0,
        "iops" : 0.000000,
        "runtime" : 0,
        "total_ios" : 0,
        "short_ios" : 0,
        "drop_ios" : 0,
        "slat_ns" : {
          "min" : 0,
          "max" : 0,
          "mean" : 0.000000,
          "stddev" : 0.000000,
          "N" : 0
        },
        "clat_ns" : {
          "min" : 0,
          "max" : 0,
          "mean" : 0.000000,
          "stddev" : 0.000000,
          "N" : 0
        },
        "lat_ns" : {
          "min" : 0,
          "max" : 0,
          "mean" : 0.000000,
          "stddev" : 0.000000,
          "N" : 0
        },
        "bw_min" : 0,
        "bw_max" : 0,
        "bw_agg" : 0.000000,
        "bw_mean" : 0.000000,
        "bw_dev" : 0.000000,
        "bw_samples" : 0,
        "iops_min" : 0,
        "iops_max" : 0,
        "iops_mean" : 0.000000,
        "iops_stddev" : 0.000000,
        "iops_samples" : 0
      },
      "sync" : {
        "total_ios" : 42731,
        "lat_ns" : {
          "min" : 4678,
          "max" : 119693921,
          "mean" : 2871113.372680,
          "stddev" : 10529709.650148,
          "N" : 42731,
          "percentile" : {
            "1.000000" : 10048,
            "5.000000" : 27264,
            "10.000000" : 37632,
            "20.000000" : 50432,
            "30.000000" : 62720,
            "40.000000" : 75264,
            "50.000000" : 88576,
            "60.000000" : 102912,
            "70.000000" : 117248,
            "80.000000" : 142336,
            "90.000000" : 798720,
            "95.000000" : 32112640,
            "99.000000" : 47972352,
            "99.500000" : 54788096,
            "99.900000" : 64225280,
            "99.950000" : 82313216,
            "99.990000" : 108527616
          }
        }
      },
      "job_runtime" : 1920023,
      "usr_cpu" : 0.279476,
      "sys_cpu" : 2.189870,
      "ctx" : 159281,
      "majf" : 0,
      "minf" : 0,
      "iodepth_level" : {
        "1" : 200.077287,
        "2" : 0.000000,
        "4" : 0.000000,
        "8" : 0.000000,
        "16" : 0.000000,
        "32" : 0.000000,
        ">=64" : 0.000000
      },
      "iodepth_submit" : {
        "0" : 0.000000,
        "4" : 100.000000,
        "8" : 0.000000,
        "16" : 0.000000,
        "32" : 0.000000,
        "64" : 0.000000,
        ">=64" : 0.000000
      },
      "iodepth_complete" : {
        "0" : 0.000000,
        "4" : 100.000000,
        "8" : 0.000000,
        "16" : 0.000000,
        "32" : 0.000000,
        "64" : 0.000000,
        ">=64" : 0.000000
      },
      "latency_ns" : {
        "2" : 0.000000,
        "4" : 0.000000,
        "10" : 0.000000,
        "20" : 0.000000,
        "50" : 0.000000,
        "100" : 0.000000,
        "250" : 0.000000,
        "500" : 0.000000,
        "750" : 0.000000,
        "1000" : 0.000000
      },
      "latency_us" : {
        "2" : 0.000000,
        "4" : 0.000000,
        "10" : 0.000000,
        "20" : 0.000000,
        "50" : 0.000000,
        "100" : 0.000000,
        "250" : 0.000000,
        "500" : 0.000000,
        "750" : 0.000000,
        "1000" : 0.000000
      },
      "latency_ms" : {
        "2" : 0.000000,
        "4" : 0.000000,
        "10" : 0.000000,
        "20" : 13.000609,
        "50" : 69.897887,
        "100" : 16.682280,
        "250" : 0.419223,
        "500" : 0.000000,
        "750" : 0.000000,
        "1000" : 0.000000,
        "2000" : 0.000000,
        ">=2000" : 0.000000
      },
      "latency_depth" : 1,
      "latency_target" : 0,
      "latency_percentile" : 100.000000,
      "latency_window" : 0
    }
  ]
}
