{
  "fio version" : "fio-3.36",
  "timestamp" : 1750786551,
  "timestamp_ms" : 1750786551893,
  "time" : "Tue Jun 24 17:35:51 2025",
  "jobs" : [
    {
      "jobname" : "seq_sync_job",
      "groupid" : 0,
      "job_start" : 1750786491843,
      "error" : 0,
      "eta" : 0,
      "elapsed" : 61,
      "job options" : {
        "ioengine" : "psync",
        "sync" : "1",
        "rw" : "write",
        "numjobs" : "16",
        "filesize" : "1000000000",
        "group_reporting" : "1",
        "thread" : "1",
        "direct" : "0",
        "fsync" : "1",
        "directory" : "/ext4-bench",
        "time_based" : "1",
        "runtime" : "60",
        "bs" : "1m",
        "filename_format" : "file$jobnum"
      },
      "read" : {
        "io_bytes" : 0,
        "io_kbytes" : 0,
        "bw_bytes" : 0,
        "bw" : 0,
        "iops" : 0.000000,
        "runtime" : 0,
        "total_ios" : 0,
        "short_ios" : 0,
        "drop_ios" : 0,
        "slat_ns" : {
          "min" : 0,
          "max" : 0,
          "mean" : 0.000000,
          "stddev" : 0.000000,
          "N" : 0
        },
        "clat_ns" : {
          "min" : 0,
          "max" : 0,
          "mean" : 0.000000,
          "stddev" : 0.000000,
          "N" : 0
        },
        "lat_ns" : {
          "min" : 0,
          "max" : 0,
          "mean" : 0.000000,
          "stddev" : 0.000000,
          "N" : 0
        },
        "bw_min" : 0,
        "bw_max" : 0,
        "bw_agg" : 0.000000,
        "bw_mean" : 0.000000,
        "bw_dev" : 0.000000,
        "bw_samples" : 0,
        "iops_min" : 0,
        "iops_max" : 0,
        "iops_mean" : 0.000000,
        "iops_stddev" : 0.000000,
        "iops_samples" : 0
      },
      "write" : {
        "io_bytes" : 44428165120,
        "io_kbytes" : 43386880,
        "bw_bytes" : 740013077,
        "bw" : 722669,
        "iops" : 705.731466,
        "runtime" : 60037,
        "total_ios" : 42370,
        "short_ios" : 0,
        "drop_ios" : 0,
        "slat_ns" : {
          "min" : 0,
          "max" : 0,
          "mean" : 0.000000,
          "stddev" : 0.000000,
          "N" : 0
        },
        "clat_ns" : {
          "min" : 3248317,
          "max" : 146853794,
          "mean" : 22457533.290394,
          "stddev" : 16575702.310070,
          "N" : 42370,
          "percentile" : {
            "1.000000" : 4177920,
            "5.000000" : 5079040,
            "10.000000" : 5865472,
            "20.000000" : 6782976,
            "30.000000" : 8028160,
            "40.000000" : 9633792,
            "50.000000" : 12517376,
            "60.000000" : 31850496,
            "70.000000" : 36962304,
            "80.000000" : 40108032,
            "90.000000" : 42729472,
            "95.000000" : 49545216,
            "99.000000" : 57933824,
            "99.500000" : 59506688,
            "99.900000" : 64225280,
            "99.950000" : 65273856,
            "99.990000" : 68681728
          }
        },
        "lat_ns" : {
          "min" : 3265649,
          "max" : 146905229,
          "mean" : 22485737.117111,
          "stddev" : 16576429.086090,
          "N" : 42370
        },
        "bw_min" : 472886,
        "bw_max" : 1082154,
        "bw_agg" : 100.000000,
        "bw_mean" : 723320.218487,
        "bw_dev" : 4322.729516,
        "bw_samples" : 1904,
        "iops_min" : 459,
        "iops_max" : 1056,
        "iops_mean" : 705.504202,
        "iops_stddev" : 4.220773,
        "iops_samples" : 1904
      },
      "trim" : {
        "io_bytes" : 0,
        "io_kbytes" : 0,
        "bw_bytes" : 0,
        "bw" : 0,
        "iops" : 0.000000,
        "runtime" : 0,
        "total_ios" : 0,
        "short_ios" : 0,
        "drop_ios" : 0,
        "slat_ns" : {
          "min" : 0,
          "max" : 0,
          "mean" : 0.000000,
          "stddev" : 0.000000,
          "N" : 0
        },
        "clat_ns" : {
          "min" : 0,
          "max" : 0,
          "mean" : 0.000000,
          "stddev" : 0.000000,
          "N" : 0
        },
        "lat_ns" : {
          "min" : 0,
          "max" : 0,
          "mean" : 0.000000,
          "stddev" : 0.000000,
          "N" : 0
        },
        "bw_min" : 0,
        "bw_max" : 0,
        "bw_agg" : 0.000000,
        "bw_mean" : 0.000000,
        "bw_dev" : 0.000000,
        "bw_samples" : 0,
        "iops_min" : 0,
        "iops_max" : 0,
        "iops_mean" : 0.000000,
        "iops_stddev" : 0.000000,
        "iops_samples" : 0
      },
      "sync" : {
        "total_ios" : 42386,
        "lat_ns" : {
          "min" : 7334,
          "max" : 824133,
          "mean" : 33390.437196,
          "stddev" : 26072.295813,
          "N" : 42386,
          "percentile" : {
            "1.000000" : 8896,
            "5.000000" : 10944,
            "10.000000" : 12096,
            "20.000000" : 16064,
            "30.000000" : 20864,
            "40.000000" : 24960,
            "50.000000" : 29568,
            "60.000000" : 34560,
            "70.000000" : 40192,
            "80.000000" : 46848,
            "90.000000" : 57600,
            "95.000000" : 66048,
            "99.000000" : 88576,
            "99.500000" : 99840,
            "99.900000" : 325632,
            "99.950000" : 552960,
            "99.990000" : 798720
          }
        }
      },
      "job_runtime" : 960501,
      "usr_cpu" : 0.163144,
      "sys_cpu" : 4.964492,
      "ctx" : 567191,
      "majf" : 0,
      "minf" : 0,
      "iodepth_level" : {
        "1" : 200.037763,
        "2" : 0.000000,
        "4" : 0.000000,
        "8" : 0.000000,
        "16" : 0.000000,
        "32" : 0.000000,
        ">=64" : 0.000000
      },
      "iodepth_submit" : {
        "0" : 0.000000,
        "4" : 100.000000,
        "8" : 0.000000,
        "16" : 0.000000,
        "32" : 0.000000,
        "64" : 0.000000,
        ">=64" : 0.000000
      },
      "iodepth_complete" : {
        "0" : 0.000000,
        "4" : 100.000000,
        "8" : 0.000000,
        "16" : 0.000000,
        "32" : 0.000000,
        "64" : 0.000000,
        ">=64" : 0.000000
      },
      "latency_ns" : {
        "2" : 0.000000,
        "4" : 0.000000,
        "10" : 0.000000,
        "20" : 0.000000,
        "50" : 0.000000,
        "100" : 0.000000,
        "250" : 0.000000,
        "500" : 0.000000,
        "750" : 0.000000,
        "1000" : 0.000000
      },
      "latency_us" : {
        "2" : 0.000000,
        "4" : 0.000000,
        "10" : 0.000000,
        "20" : 0.000000,
        "50" : 0.000000,
        "100" : 0.000000,
        "250" : 0.000000,
        "500" : 0.000000,
        "750" : 0.000000,
        "1000" : 0.000000
      },
      "latency_ms" : {
        "2" : 0.000000,
        "4" : 0.618362,
        "10" : 40.698608,
        "20" : 13.596885,
        "50" : 40.295020,
        "100" : 4.788766,
        "250" : 0.010000,
        "500" : 0.000000,
        "750" : 0.000000,
        "1000" : 0.000000,
        "2000" : 0.000000,
        ">=2000" : 0.000000
      },
      "latency_depth" : 1,
      "latency_target" : 0,
      "latency_percentile" : 100.000000,
      "latency_window" : 0
    }
  ],
  "disk_util" : [
    {
      "name" : "md0",
      "read_ios" : 40,
      "write_ios" : 140855,
      "read_sectors" : 320,
      "write_sectors" : 90086568,
      "read_merges" : 0,
      "write_merges" : 0,
      "read_ticks" : 32,
      "write_ticks" : 1027624,
      "in_queue" : 1027656,
      "util" : 99.358964,
      "aggr_read_ios" : 13,
      "aggr_write_ios" : 33718,
      "aggr_read_sectors" : 106,
      "aggr_write_sectors" : 30107114,
      "aggr_read_merges" : 0,
      "aggr_write_merge" : 13321,
      "aggr_read_ticks" : 19,
      "aggr_write_ticks" : 284229,
      "aggr_in_queue" : 284249,
      "aggr_util" : 94.059983
    },
    {
      "name" : "sdb",
      "read_ios" : 13,
      "write_ios" : 33720,
      "read_sectors" : 104,
      "write_sectors" : 30113168,
      "read_merges" : 0,
      "write_merges" : 13302,