{
  "fio version" : "fio-3.36",
  "timestamp" : 1750787910,
  "timestamp_ms" : 1750787910677,
  "time" : "Tue Jun 24 17:58:30 2025",
  "jobs" : [
    {
      "jobname" : "seq_sync_job",
      "groupid" : 0,
      "job_start" : 1750787850651,
      "error" : 0,
      "eta" : 0,
      "elapsed" : 61,
      "job options" : {
        "ioengine" : "psync",
        "sync" : "1",
        "rw" : "write",
        "numjobs" : "16",
        "filesize" : "1000000000",
        "group_reporting" : "1",
        "thread" : "1",
        "direct" : "0",
        "fsync" : "1",
        "directory" : "/shielded-zfs-bench",
        "time_based" : "1",
        "runtime" : "60",
        "bs" : "1m",
        "filename_format" : "file$jobnum"
      },
      "read" : {
        "io_bytes" : 0,
        "io_kbytes" : 0,
        "bw_bytes" : 0,
        "bw" : 0,
        "iops" : 0.000000,
        "runtime" : 0,
        "total_ios" : 0,
        "short_ios" : 0,
        "drop_ios" : 0,
        "slat_ns" : {
          "min" : 0,
          "max" : 0,
          "mean" : 0.000000,
          "stddev" : 0.000000,
          "N" : 0
        },
        "clat_ns" : {
          "min" : 0,
          "max" : 0,
          "mean" : 0.000000,
          "stddev" : 0.000000,
          "N" : 0
        },
        "lat_ns" : {
          "min" : 0,
          "max" : 0,
          "mean" : 0.000000,
          "stddev" : 0.000000,
          "N" : 0
        },
        "bw_min" : 0,
        "bw_max" : 0,
        "bw_agg" : 0.000000,
        "bw_mean" : 0.000000,
        "bw_dev" : 0.000000,
        "bw_samples" : 0,
        "iops_min" : 0,
        "iops_max" : 0,
        "iops_mean" : 0.000000,
        "iops_stddev" : 0.000000,
        "iops_samples" : 0
      },
      "write" : {
        "io_bytes" : 45135953920,
        "io_kbytes" : 44078080,
        "bw_bytes" : 752090410,
        "bw" : 734463,
        "iops" : 717.249308,
        "runtime" : 60014,
        "total_ios" : 43045,
        "short_ios" : 0,
        "drop_ios" : 0,
        "slat_ns" : {
          "min" : 0,
          "max" : 0,
          "mean" : 0.000000,
          "stddev" : 0.000000,
          "N" : 0
        },
        "clat_ns" : {
          "min" : 8030322,
          "max" : 67557180,
          "mean" : 22145675.317598,
          "stddev" : 11909926.163807,
          "N" : 43045,
          "percentile" : {
            "1.000000" : 10027008,
            "5.000000" : 10420224,
            "10.000000" : 10682368,
            "20.000000" : 11206656,
            "30.000000" : 12124160,
            "40.000000" : 13434880,
            "50.000000" : 15794176,
            "60.000000" : 24510464,
            "70.000000" : 31064064,
            "80.000000" : 34865152,
            "90.000000" : 37486592,
            "95.000000" : 43253760,
            "99.000000" : 52166656,
            "99.500000" : 53215232,
            "99.900000" : 60030976,
            "99.950000" : 62128128,
            "99.990000" : 67633152
          }
        },
        "lat_ns" : {
          "min" : 8067892,
          "max" : 67661551,
          "mean" : 22227076.252805,
          "stddev" : 11908046.054270,
          "N" : 43045
        },
        "bw_min" : 653312,
        "bw_max" : 1015808,
        "bw_agg" : 99.963880,
        "bw_mean" : 734198.428571,
        "bw_dev" : 2621.667992,
        "bw_samples" : 1904,
        "iops_min" : 638,
        "iops_max" : 992,
        "iops_mean" : 716.983193,
        "iops_stddev" : 2.558286,
        "iops_samples" : 1904
      },
      "trim" : {
        "io_bytes" : 0,
        "io_kbytes" : 0,
        "bw_bytes" : 0,
        "bw" : 0,
        "iops" : 0.000000,
        "runtime" : 0,
        "total_ios" : 0,
        "short_ios" : 0,
        "drop_ios" : 0,
        "slat_ns" : {
          "min" : 0,
          "max" : 0,
          "mean" : 0.000000,
          "stddev" : 0.000000,
          "N" : 0
        },
        "clat_ns" : {
          "min" : 0,
          "max" : 0,
          "mean" : 0.000000,
          "stddev" : 0.000000,
          "N" : 0
        },
        "lat_ns" : {
          "min" : 0,
          "max" : 0,
          "mean" : 0.000000,
          "stddev" : 0.000000,
          "N" : 0
        },
        "bw_min" : 0,
        "bw_max" : 0,
        "bw_agg" : 0.000000,
        "bw_mean" : 0.000000,
        "bw_dev" : 0.000000,
        "bw_samples" : 0,
        "iops_min" : 0,
        "iops_max" : 0,
        "iops_mean" : 0.000000,
        "iops_stddev" : 0.000000,
        "iops_samples" : 0
      },
      "sync" : {
        "total_ios" : 43061,
        "lat_ns" : {
          "min" : 4308,
          "max" : 37027036,
          "mean" : 71473.646710,
          "stddev" : 869115.126950,
          "N" : 43061,
          "percentile" : {
            "1.000000" : 6432,
            "5.000000" : 8896,
            "10.000000" : 10816,
            "20.000000" : 13888,
            "30.000000" : 17280,
            "40.000000" : 21120,
            "50.000000" : 25216,
            "60.000000" : 29312,
            "70.000000" : 33536,
            "80.000000" : 38656,
            "90.000000" : 47872,
            "95.000000" : 59136,
            "99.000000" : 374784,
            "99.500000" : 1089536,
            "99.900000" : 19791872,
            "99.950000" : 20840448,
            "99.990000" : 33423360
          }
        }
      },
      "job_runtime" : 960182,
      "usr_cpu" : 0.433876,
      "sys_cpu" : 3.846771,
      "ctx" : 140151,
      "majf" : 0,
      "minf" : 0,
      "iodepth_level" : {
        "1" : 200.037170,
        "2" : 0.000000,
        "4" : 0.000000,
        "8" : 0.000000,
        "16" : 0.000000,
        "32" : 0.000000,
        ">=64" : 0.000000
      },
      "iodepth_submit" : {
        "0" : 0.000000,
        "4" : 100.000000,
        "8" : 0.000000,
        "16" : 0.000000,
        "32" : 0.000000,
        "64" : 0.000000,
        ">=64" : 0.000000
      },
      "iodepth_complete" : {
        "0" : 0.000000,
        "4" : 100.000000,
        "8" : 0.000000,
        "16" : 0.000000,
        "32" : 0.000000,
        "64" : 0.000000,
        ">=64" : 0.000000
      },
      "latency_ns" : {
        "2" : 0.000000,
        "4" : 0.000000,
        "10" : 0.000000,
        "20" : 0.000000,
        "50" : 0.000000,
        "100" : 0.000000,
        "250" : 0.000000,
        "500" : 0.000000,
        "750" : 0.000000,
        "1000" : 0.000000
      },
      "latency_us" : {
        "2" : 0.000000,
        "4" : 0.000000,
        "10" : 0.000000,
        "20" : 0.000000,
        "50" : 0.000000,
        "100" : 0.000000,
        "250" : 0.000000,
        "500" : 0.000000,
        "750" : 0.000000,
        "1000" : 0.000000
      },
      "latency_ms" : {
        "2" : 0.000000,
        "4" : 0.000000,
        "10" : 0.982693,
        "20" : 54.526658,
        "50" : 42.534557,
        "100" : 1.956092,
        "250" : 0.000000,
        "500" : 0.000000,
        "750" : 0.000000,
        "1000" : 0.000000,
        "2000" : 0.000000,
        ">=2000" : 0.000000
      },
      "latency_depth" : 1,
      "latency_target" : 0,
      "latency_percentile" : 100.000000,
      "latency_window" : 0
    }
  ]
}
